word,part_of_speech,definition
abase,verb,verb: lower; degrade; humiliate; make humble
abash,verb,"verb: make someone feel embarrassed, ashamed, or self-conscious"
abashed,adjective; verb,adjective; verb: feeling or caused to feel ill at ease or self-conscious or ashamed; cause to be embarrassed; cause to feel self-conscious
abate,verb,verb: subside or moderate
abdicate,verb,"verb: renounce; give up (position, right, or responsibility)"
aberrant,adjective,adjective: abnormal or deviant
aberration,noun,noun: deviation from the normal; mental disorder
abet,verb,verb: assist usually in doing something wrong; encourage
abeyance,noun,noun: suspended action
abhor,verb,verb: detest; hate
abject,adjective,adjective: (of a condition) wretched; as low as possible; lacking pride; very humble
abjure,verb,verb: renounce upon oath
abnegate,verb,"verb: renounce or reject something, especially a belief, privilege, or right"
abomination,noun; verb,noun; verb: a person who is loathsome or disgusting; hate coupled with disgust
aboriginal,adjective,adjective: being the first of its kind in a region; primitive; native; indigenous
abort,noun; verb,noun; verb: the act of terminating a project or procedure before it is completed; terminate before completion
abound,verb,verb: be abundant or plentiful; exist in large quantities; be in a state of movement or action
aboveboard,adjective,adjective: without concealment or deception; honest; in an honest manner
abrasive,adjective,adjective: rubbing away; tending to grind down
abreast,adjective,"adjective: being up to particular standard or level especially in being up to date in knowledge; alongside each other, facing in the same direction"
abridge,noun,noun: condense or shorten
abrogate,verb,"verb: formally repeal, cancel, or abolish a law or agreement"
abscission,noun,noun: cutting off; separation
abscond,verb,verb: depart secretly and hide
absolute,adjective,adjective: complete; totally unlimited; having complete power; certain
absolve,verb,verb: pardon (an offense)
abstain,noun,noun: refrain; withhold from participation; intentionally not use one's vote
abstemious,adjective,adjective: sparing in eating and drinking; temperate
abstruse,noun,noun: obscure; profound; difficult to understand
abysmal,adjective,adjective: extremely bad; immeasurably deep or seemingly bottomless
abyss,noun,noun: enormous chasm; vast bottomless pit
acarpous,adjective,adjective: producing no fruit
accede,noun,"noun: agree to a request, demand, or proposal; assume office"
accentuate,verb; adjective,"verb; adjective: to stress, single out as important; put stress on; utter with an accent"
accessible,adjective,adjective: easy to approach; obtainable
accession,noun,noun: the act of taking office or adding to a collection or amount
acclaim,verb,verb: applaud; praise; greet with great approval; announce with great approval
accolade,noun,noun: award of merit; strong praise and approval
accretion,verb,verb: growth or increase in size by gradual addition; growth; increase; increase by natural growth
accumulate,noun,noun: get or gather together; collect or gather
acerbic,adjective,adjective: sour or bitter in taste; harsh or corrosive in tone
acidulous,adjective,adjective: slightly sour (in taste or manner); sharp; caustic
acme,noun,noun: peak; pinnacle; highest point
acolyte,noun,noun: someone who assists a priest or minister in a liturgical service; a cleric ordained in the highest of the minor orders in the Roman Catholic Church but not in the Anglican Church or the Eastern Orthodox Churches
acquiesce,noun,noun: assent; agree passively; comply without protest
acquisitive,adjective,adjective: eager to acquire and possess things especially material possessions or ideas
acrid,adjective,adjective: bitter (to the taste or smell); sharp; bitterly pungent
acrimonious,adjective,adjective: stinging; caustic; bitter in words or manner
acrimony,noun,noun: a rough and bitter manner
activism,noun,noun: a policy of taking direct action to achieve a political or social goal
acumen,noun,noun: mental keenness; sharpness of judgment; ability to judge quickly and well
adamant,adjective,adjective: hard; inflexible
adept,noun,noun: expert at; very skilled
adequate,adjective,adjective: having the requisite qualities or resources to meet a task; sufficient for the purpose
adhere,noun,noun: stick fast; be a devotd follower; devotion
adherent,adjective,adjective: supporter; follower
adjudicate,verb,verb: put on trial or hear a case and sit as the judge at the trial of; bring to an end; settle conclusively
admonish,verb,verb: warn or speak to with gentle disapproval; reprove
admonished,verb,verb: advise or counsel in terms of someone's s behavior; warn strongly; put on guard
admonitory,adjective,adjective: serving to warn; expressing reproof or reproach especially as a corrective
adorned,verb,"verb: provided with something intended to increase its beauty or distinction; make more attractive by adding ornament, colour, etc."
adroit,adjective,adjective: skillful (in using mind or hand)
adulation,noun,noun: flattery; admiration that is more than is necessary or deserved
adulterate,verb,verb: make impure or of poorer quality by adding inferior or tainted (contaminated) substances
adumbrate,verb,verb: outline faintly; foreshadow; reveal only in a partial way
advent,noun,"noun: the arrival or beginning of an important person, event, or era"
adversary,adjective,adjective: opponent; enemy
adverse,noun,noun: going against; opposing; unfavorable; hostile
adversity,noun,noun: great hardship or affliction; misfortune; calamitous event
advocate,verb,verb: speak in favor of; support (an idea or plan); urge; plead for
aegis,noun,noun: shield; protection; defense
aerie,noun,"noun: a high nest or dwelling, especially one built by a bird of prey"
aesthete,noun,noun: one who professes great sensitivity to the beauty of art and nature
aesthetic,adjective,adjective: artistic; dealing with or capable of appreciating the beautiful (of a person or building)
affable,adjective,adjective: easily approachable; easy to talk to; warmly friendly
affectation,noun,noun: a deliberate pretense or exaggerated display
affected,adjective,adjective: artificial; pretended
affective,adjective,adjective: characterized by emotion
affiliated,adjective; verb,adjective; verb: being joined in close association; keep company with; hang out with
affinity,adjective,adjective: feeling of kinship; similarity
affluent,adjective; noun,adjective; noun: having an abundant supply of money or possessions of value; an affluent person; a person who is financially well off
afford,noun,noun: be able to spare or give up; be the cause or source of
affront,noun,noun: insult; offense; intentional act of disrespect
agape,noun,"noun: wide open, especially from surprise, wonder, or shock"
agglutination,noun,"noun: the clumping together of particles, cells, or words; the formation of words by combining distinct morphemes"
aggrandize,verb,"verb: make greater; increase in power, wealth, rank, or honor"
aggrandized,verb,verb: add details to
aggravate,verb,verb: make worse; exasperate or irritate
aggregate,noun,noun: sum; total
aghast,noun,noun: filled with great surprise or fear; horrified
alacrity,noun,noun: cheerful promptness without reluctance
albeit,noun,"noun: although; even though, used to introduce a concession"
alchemy,noun,noun: medieval chemistry
algorithm,noun,noun: a precise step-by-step rule or procedure for solving a problem or completing a task
alienate,verb,verb: make unfriendly or hostile; estrange; separate; change the ownership of
allege,noun,noun: state without proof
alleviate,verb,verb: relieve (pain)
alloy,noun,noun: mixture as of metals; something added that lowers in value or purity
allusion,noun,noun: passing reference or indirect mention
allusive,adjective,adjective: characterized by indirect references
aloof,adjective,adjective: apart; not open in one's relationship with other people; reserved
altruism,noun,noun: the quality of unselfish concern for the welfare of others
altruistic,adjective,adjective: unselfishly generous; concerned for others; unselfishness
amalgam,noun,noun: combination of different things; mixture of metals (containing mercury) used for filling holes in teeth
amalgamate,verb,verb: (of societies or groups) combine; unite in one body
amalgamation,noun,noun: the combination of two or more commercial companies
ambience,noun,noun: environment; atmosphere
ambiguity,noun,noun: an expression whose meaning cannot be determined from its context; unclearness by virtue of having more than one meaning
ambiguous,adjective,adjective: unclear or doubtful in meaning; having more than one possible interpretation
ambivalence,noun,noun: the state of having contradictory or conflicting emotional attitudes or opinions
ambivalent,adjective,adjective: uncertain or unable to decide about what course to follow
ameliorate,verb,verb: make a bad or difficult situation better
ameliorated,verb,verb: to make better; get better
amenable,adjective,adjective: obedient; compliant; readily managed; responsive
amend,noun,noun: correct; change; generally for the better
amiable,adjective,adjective: agreeable; lovable; warmly friendly
amicable,adjective,adjective: peaceful; politely friendly; not quarrelsome
amity,noun,noun: friendship; peaceful relationship as between nations
amorous,adjective,adjective: moved by sexual love; loving; of sexual love
amorphous,adjective,adjective: formless; lacking shape or definition
amortize,noun,noun: liquidate gradually
ample,noun,noun: enough; abundant; spacious; large in size
amply,verb; adverb,verb; adverb: to an ample degree or in an ample manner; sufficiently; more than adequately
amuck,adjective,adjective: wildly frenzied and out of control; wildly; without self-control
amulet,noun,"noun: charm; talisman; an object worn believed to protect against evil, bad luck"
anachronism,noun,noun: error involving time in a story; something or someone misplaced in time
anachronistic,adjective,adjective: chronologically misplaced
analgesia,noun,noun: condition of being unable to feel pain
analgesic,adjective,adjective: causing insensitivity to pain
analogous,adjective,adjective: comparable; similar
analogue,noun,noun: of a circuit or device having an output that is proportional to the input; something having the property of being analogous to something else
anarchy,noun,noun: absence of governing body; state of disorder
anathema,noun,noun: solemn curse; someone or something regarded as a curse
ancillary,adjective,adjective: serving as an aid or accessory; auxiliary
androgynous,adjective,adjective: relating to or exhibiting both female and male sex organs but with a predominantly female appearance; having both male and female characteristics
anemic,adjective,adjective: lacking vigor or energy; relating to anemia or suffering from anemia
anesthetic,adjective,adjective: substance that removes sensation with or without loss of consciousness
anile,adjective,adjective: of or like a feeble old woman
animosity,noun,noun: active enmity
animus,noun,noun: hostile feeling or intent; animosity; hostility; disposition
annotation,noun,noun: an explanatory note or comment added to a text; the act of adding notes
annul,verb,verb: make void
anodyne,noun,noun: pain-relieving; soothing; unlikely to offend or disturb
anoint,verb,verb: consecrate; put oil on (in a religious ceremony)
anomalous,adjective,adjective: abnormal; irregular
anomaly,noun,noun: something that deviates from what is normal or expected
antagonize,verb; noun,verb; noun: provoke the hostility of; act in opposition to
antecedent,adjective; noun,"adjective; noun: preceding in time or order; an earlier event, word, or person from whom someone descends"
antedate,verb,verb: be earlier in time; go back further; establish something as being earlier relative to something else
antedated,verb,verb: be earlier in time; go back further; establish something as being earlier relative to something else
antediluvian,noun,noun: antiquated; extremely ancient
anthology,noun,noun: book of literary selections by various authors
anthropocentrism,noun,noun: an inclination to evaluate reality exclusively in terms of human values
antic,noun,noun: ludicrously odd; a ludicrous or grotesque act done for fun and amusement
antipathy,noun,noun: aversion; dislike or opposition
antipode,noun,noun: the direct or exact opposite of something
antiquated,adjective,adjective: obsolete; old-fashioned; outdated
antithesis,noun,noun: contrast; direct opposite of or to
antithetical,adjective,adjective: sharply contrasted in character or purpose
apace,adverb,adverb: quickly; at a rapid pace
apartheid,noun,noun: a social policy or racial segregation involving political and economic and legal discrimination against people who are not Whites; the former official policy in South Africa
apathetic,adjective,adjective: showing little or no emotion or animation; marked by a lack of interest
apathy,noun,noun: lack of caring; indifference; lack of concern or interest in important matters
apex,noun,noun: tip; summit; climax; highest point
aphorism,noun,noun: pithy maxim or saying
aphoristic,adjective,adjective: containing aphorisms or maxims; terse and witty and like a maxim
aplomb,noun,noun: poise; composure in difficult situations; assurance; self-confidence
apocryphal,adjective,adjective: (of a story) widely believed but untrue
apogee,noun,noun: highest point; the point farthest from the earth; OP. perigee
apologist,noun,noun: one who writes in defense of a cause or institution
apoplectic,verb,verb: overcome with extreme anger; also relating to a stroke
apostate,noun,noun: one who abandons his religious faith or political beliefs
apostle,noun,noun: an ardent early supporter of a cause or reform; any important early teacher of Christianity or a Christian missionary to a people
apothegm,noun,noun: a short pithy instructive saying
apotheosis,noun,noun: elevation to godhood; an ideal example of something
appease,noun,noun: pacify or soothe
apportion,verb,verb: distribute according to a plan or set apart for a special purpose; give out as one's portion or share
apposite,noun,noun: appropriate; fitting
appreciable,adjective,adjective: enough to be estimated or measured
apprehension,noun,noun: fearful expectation or anticipation; the cognitive condition of someone who understands
apprise,noun,noun: inform or notify someone about something important
approbation,noun,"noun: official approval, praise, or warm commendation"
approbatory,adjective,adjective: expressing or manifesting praise or approval
appropriate,verb,verb: acquire; take possession of for one's own use without permission; set aside for a particular purpose; allocate
appurtenant,adjective,adjective: furnishing added support
apropos,noun,noun: with reference to; regarding
apt,noun,noun: likely or inclined to do something; quick to learn or understand
arabesque,noun,noun: position in which the dancer has one leg raised behind and arms outstretched in a conventional pose; an ornament that interlaces simulated foliage in an intricate design
arbiter,noun,noun: person with power to decide a matter in dispute; judge who is in a position ot make influential judgments
arbitrary,adjective,adjective: unreasonable or capricious; random; tyrannical
arcane,noun,noun: esoteric; secret; mysterious; known only to the initiated
arch,noun,noun: mischievously playful; deliberately teasing or knowing in manner
archaic,adjective,adjective: antiquated; no longer used; belonging to the past
archetype,noun,noun: prototype; primitive pattern
ardent,adjective,adjective: characterized by intense emotion; characterized by strong enthusiasm
ardor,noun,noun: heat; passion; zeal
arduous,adjective,adjective: hard; strenuous
arid,adjective,adjective: (of land) dry; barren; unproductive
arrant,adjective,"adjective: complete; utter; thoroughgoing, usually in a negative sense"
arrest,noun; verb,noun; verb: the act of taking someone into custody; a state of stoppage; to seize by legal authority; to stop or slow
arresting,verb,verb: commanding attention; take into custody
arriviste,noun,noun: a person who has suddenly risen to a higher economic status but has not gained social acceptance of others in that class
arrogate,verb,verb: demand as being one's due or property; assert one's right or title to; make undue claims to having
artful,adjective,adjective: exhibiting art or skill; deceitful; cunning
articulate,adjective,adjective: effective; distinct; expressing ideas clearly; having clear sounds
artifact,noun,noun: a man-made object taken as a whole
artifice,noun,noun: deception; trickery
artless,adjective,adjective: without guile; open and honest
artlessness,noun,noun: the quality of innocent naivete; ingenuousness by virtue of being free from artful deceit
ascendancy,noun,noun: controlling influence; position of controlling influence
ascertain,verb,verb: find out for certain; make certain
ascetic,adjective,adjective: practicing self-denial; avoiding physical pleasures and comforts; austere
ascribe,noun,noun: refer; attribute; assign
aseptic,adjective,adjective: preventing infection; having a cleansing effect
ashen,noun,noun: ash-colored; deadly pale
askance,noun,noun: with a sideways or indirect look (with disapproval or distrust)
askew,noun,noun: crookedly; slanted; at an angle
asperity,noun,noun: sharpness; roughness; severity (of temper or weather)
aspersion,adjective,adjective: slanderous remark
aspersions,noun,noun: a disparaging remark; an abusive attack on a person's character or good name
aspiration,noun,noun: a will to succeed; a cherished desire
assail,verb,"verb: attack violently with words, criticism, or force"
assay,verb,verb: analyze (to discover what materials are present); evaluate (soil or ore)
assertive,adjective,adjective: aggressively self-assured
asseverate,noun,noun: state categorically
assiduous,adjective,"adjective: showing constant, careful, and persistent effort"
assiduously,verb,verb: Form of 'assiduous': diligent
assimilate,verb,verb: absorb; take (food) into the body and digest it; understand (knowledge) completely and be able to use properly; cause to become homogeneous (the people of a country or race in the ways of behaving or thinking)
assuage,verb,verb: make less severe; ease or lessen (pain); satisfy (hunger); soothe (anger)
astonishment,noun,noun: the feeling that accompanies something extremely surprising
astray,noun,noun: away from the right path or direction; far from the intended target
astringent,adjective,adjective: binding; causing contraction (stopping bleeding); harsh or severe; stringent
astute,noun,noun: wise; shrewd; keen; seeing quickly something that is to one's advantage
atavism,noun,noun: resemblance to remote ancestors rather than to parents; reversion to an earlier type; throwback
attenuate,verb,verb: make thin; weaken
attrition,noun,noun: rubbing away by friction; gradual decrease in numbers or strength; reduction in the work force without firing employees; wearing away of opposition by means of harassment
attuned,verb,verb: adjust or accustom to; bring into harmony with
audacious,adjective,adjective: daring; bold
audacity,noun,noun: fearless daring; aggressive boldness or unmitigated effrontery
augment,verb,verb: increase; add to
augury,noun,noun: omen; prophecy; sign of coming events
august,noun,noun: impressive; majestic
auspice,noun,noun: a favorable omen
auspicious,adjective,adjective: favoring success; giving signs of future success; Cf. auspices
austere,adjective,adjective: forbiddingly stern; ascetic; without comfort or enjoyment; severely simple and unornamented
authoritarian,noun,noun: subordinating the individual to the state; completely dominating another's s will
authoritative,adjective,adjective: having the weight of authority; regarded as providing knowledge that can be trusted; reliable; peremptory and dictatorial
autocratic,adjective,adjective: having absolute unchecked power; dictatorial
automaton,noun,noun: mechanism that imitates actions of humans; machine that works by itself
autonomous,adjective,adjective: self-governing
autonomously,verb,verb: Form of 'autonomous': self-governing
autonomy,noun,noun: immunity from arbitrary exercise of authority: political independence; personal independence
avarice,noun,noun: greediness for wealth
avaricious,adjective,"adjective: extremely greedy, especially for wealth"
aver,noun; verb,noun; verb: state confidently; declare as true
aversion,noun,noun: firm dislike
avert,verb,verb: prevent; avoid; turn away (eyes or thought)
avid,noun,noun: greedy; extremely eager for
avow,verb,verb: declare openly
avuncular,adjective,adjective: of or like an uncle
axiom,noun,noun: self-evident truth requiring no proof
axiomatic,adjective,adjective: evident without proof or argument; containing aphorisms or maxims
badger,verb,verb: pester; annoy continually with demands; persuade by asking again and again
baleful,adjective,adjective: evil; malignant in intent or effect; deadly; having a malign influence
balk,verb,"verb: stop short, as if faced with an obstacle, and refuse to continue; foil; stop or get in the way of; frustrate"
balloon,noun,noun: large tough nonrigid bag filled with gas or heated air; small thin inflatable rubber bag with narrow neck
banal,adjective,adjective: hackneyed; commonplace; trite; lacking originality
banality,noun,noun: a trite or obvious remark
bane,verb,verb: posion; cause of ruin; poisonous
banish,noun,"noun: expel from a community or group; ban from a place of residence, as for punishment"
baroque,noun,noun: highly ornate
base,noun,noun: contemptible; morally bad; inferior in value or quality
bastardization,noun,noun: declaring or rendering bastard; an act that debases or corrupts
battery,noun,noun: group of guns or missile launchers operated together at one place; a device that produces electricity; may have several primary or secondary cells arranged in parallel or series
bauble,noun,noun: trinket; cheap jewel; trifle
baying,adjective,"adjective: utter in deep prolonged tones; bark with prolonged noises, of dogs"
beatific,adjective,adjective: giving or showing bliss; blissful
beatify,verb,verb: fill with sublime emotion; make blessedly happy
becalm,verb,verb: make steady
becoming,adjective,adjective: according with custom or propriety; displaying or setting off to best advantage
bedizen,noun,noun: dress with vulgar finery
bedlam,noun,noun: a state of extreme confusion and disorder; pejorative terms for an insane asylum
befuddled,adjective,adjective: stupefied by alcoholic drink; perplexed by many conflicting situations or statements; filled with bewilderment
beg,verb,verb: call upon in supplication; entreat; make a solicitation or entreaty for something; request urgently or persistently
beget,verb,verb: father; become the father of; produce; give rise to
begrudge,verb,verb: envy; give or allow unwillingly; grudge
beguile,verb,verb: deceive; mislead or delude; cheat; pass time pleasantly
behemoth,noun,noun: huge creature; something of monstrous size or power
behooves,noun,noun: be appropriate or necessary
belabor,verb,verb: harp on; dwell on tediously; explain or go over excessively or to a ridiculous degree; assail verbally
beleaguer,verb,verb: besiege or attack (with an army); harass; beset
beleaguered,verb,verb: annoy persistently; surround so as to force to give up
belfry,noun,noun: a bell tower or the part of a tower where bells are hung
belie,verb,verb: contradict; give a false impression; disguise
belied,adjective,adjective: be in contradiction with; represent falsely
belittle,noun,noun: disparage; depreciate
bellicose,noun,noun: inclined to fight; aggressively hostile or warlike
belligerent,adjective,"adjective: hostile, combative, or eager to argue or fight"
bemoan,verb,verb: lament; moan for; express sorrow or disapproval of
beneficence,adjective; noun,adjective; noun: doing good; feeling beneficent; the quality of being kind or helpful or generous
beneficent,adjective,adjective: kindly; doing good
benevolent,adjective,adjective: generous; charitable; having a wish to do good
benighted,adjective,adjective: overtaken by night or darkness; or nighted
benign,adjective,adjective: kindly; favorable; not malignant (disease)
bent,adjective,adjective: determined
berate,verb,verb: scold strongly
bereave,noun,noun: deprive through death
bereft,noun,noun: deprived of (something valuable); lacking
beseech,verb,verb: beg; plead with
besiege,verb,verb: surround with armed forces; harass (with requests); annoy continually
besmirch,verb,verb: soil; defile; make dirty
besotted,verb,verb: very drunk; make dull or stupid or muddle with drunkenness or infatuation
betray,verb,verb: be unfaithful; reveal (unconsciously or unwillingly)
bevy,noun,noun: large group
biased,verb,verb: favoring one person or side over another; influence in an unfair way
bifurcate,noun,noun: resembling a fork; divided or separated into two branches; split or divide into two
bifurcated,adjective,adjective: divided into two branches; forked
bilge,noun,noun: water accumulated in the bilge of a ship; where the sides of the vessel curve in to form the bottom
bilious,adjective,adjective: suffering from indigestion; sick from having too much bile; irritable; easily irritated
bilk,noun,noun: swindle; cheat
blandish,verb,verb: to coax or flatter with kind words or praise
blasé,noun,noun: unimpressed or indifferent because of overexposure or sophistication
blatant,adjective,adjective: extremely (offensively) obvious; loudly offensive
bleak,noun,noun: cold or cheerless; frigid; unlikely to be favorable; depressing
blight,noun,noun: plant disease
blinkered,adjective; verb,adjective; verb: narrow-minded; limited in outlook; fitted with blinders
blithe,adjective,adjective: lacking or showing a lack of due concern; carefree and happy and lighthearted
bloviated,adjective,adjective: orate verbosely and windily
bludgeon,noun,noun: club; heavy-headed weapon
bogus,adjective,adjective: counterfeit; not authentic; intentionally false
boisterous,adjective,adjective: violent; rough; noisy
bolster,verb,verb: support; reinforce
bombast,noun,"noun: grandiloquent, pompous speech"
bombastic,adjective,adjective: pompous; using inflated language
bonhomie,noun,noun: cheerful friendliness; genial good nature
boon,noun,noun: blessing; benefit; something very helpful
boor,noun,"noun: rude, insensitive person"
boorish,noun,noun: rude; insensitive
bootless,adjective,adjective: unproductive of success
bowdlerize,noun,noun: expurgate
brandish,verb,verb: wave around (a weapon); flourish
bravado,noun,noun: swagger; assumed air of defiance; false show of bravery
brazen,adjective,adjective: insolent; without shame; bold
brevity,noun,noun: conciseness; shortness of duration
bridle,verb,verb: harness fitted about a horse's head (used to restrain); curb; check
bristle,noun,noun: short stiff hair
broach,noun,noun: introduce as a subject; moot; open up
broadside,noun; adverb; verb,noun; adverb; verb: a strong verbal attack; the side of a ship; sideways; to collide with or attack from the side
bromide,noun,noun: platitude; chemical compound used to calm excitement
brook,verb,verb: tolerate; endure
browbeat,verb,verb: bully; intimidate
brusque,adjective,adjective: blunt; abrupt; curt; not wanting to waste time being nice
brusquely,adverb,adverb: in a blunt direct manner
buck,noun,noun: a gymnastic horse without pommels and with one end elongated; used lengthwise for vaulting; a piece of paper money worth one dollar
bucolic,adjective,adjective: rustic; pastoral
buff,noun,noun: of the yellowish-beige color of buff leather; an ardent follower and admirer
buffer,noun; verb; adjective,noun; verb; adjective: something that lessens shock or protects; to protect or cushion; pale yellowish-beige
bugbear,noun,noun: an imaginary monster used to frighten children; an object of dread or apprehension
bulwark,noun,noun: strong wall built for defense; earthwork or other strong defense; person who defends
bumbling,adjective; verb,"adjective; verb: lacking physical movement skills, especially with the hands; make a mess of, destroy or ruin"
bumptious,adjective,adjective: offensively self-assertive
bungle,noun,noun: mismanage; blunder; botch; blow
buoyant,adjective,adjective: able to float; cheerful and optimistic
burdensome,adjective,adjective: not easily borne; wearing
bureaucracy,noun,noun: overregulated administrative system marked by red tape
burgeon,verb,verb: grow rapidly; grow forth; send out buds
burgeoning,verb,verb: grow and flourish
burnish,verb,verb: make shiny by rubbing; polish
buttress,verb,verb: support; prop up
bygone,noun,noun: well in the past; former; past events to be put aside
byzantine,adjective,adjective: of or relating to the Eastern Orthodox Church or the rites performed in it; of or relating to or characteristic of the Byzantine Empire or the ancient city of Byzantium
cabal,adjective,adjective: small group of persons secretly united to promote their own interests
cache,noun,noun: hiding place
cachinnate,verb,"verb: To laugh hard, loudly, or convulsively; guffaw."
cacophonous,adjective,adjective: discordant; inharmonious
cacophony,noun,noun: a loud harsh or strident noise; loud confusing disagreeable sounds
cadaverous,adjective,adjective: like a corpse; pale
cadge,verb,verb: ask for and get free; be a parasite; obtain or seek to obtain by cadging or wheedling
cajole,verb,verb: persuade by praise or false promise; coax; wheedle
calamitous,adjective,"adjective: disastrous; causing great damage, distress, or suffering"
callous,adjective,adjective: hardened; unfeeling; without sympathy for the sufferings of others; unkind
callow,noun,noun: youthful; immature; inexperienced
calumniate,verb,verb: charge falsely or with malicious intent; attack the good name and reputation of someone
calumnious,adjective,adjective: slanderous; making false and harmful statements about someone
calumny,noun,noun: malicious misrepresentation; slander
camaraderie,noun,noun: good-fellowship
canard,noun,noun: unfounded false rumor; exaggerated false report
candid,adjective,adjective: characterized by directness in manner or speech; without subtlety or evasion; informal or natural; especially caught off guard or unprepared
candidness,noun,noun: the quality of being honest and straightforward in attitude and speech
candor,noun,noun: frankness; open honesty
canny,noun,noun: shrewd in money matters; thrifty
canon,noun,noun: a rule or especially body of rules or principles generally established as valid and fundamental in a field of art or philosophy; a priest who is a member of a cathedral chapter
canonical,adjective,adjective: appearing in a biblical canon; of or relating to or required by canon law
canonize,verb,verb: to declare someone a saint; to treat as sacred or authoritative
cantankerous,adjective,adjective: ill-humored; irritable
capacious,adjective,adjective: able to hold a great deal; spacious and roomy
capacity,noun,noun: mental or physical ability; role; position or duty; ability to accommodate
caparison,noun,"noun: an ornamental covering or rich decoration, especially for a horse"
capitulate,verb,verb: surrender; give up all resistance
capricious,adjective,adjective: unpredictable; fickle
captious,adjective,adjective: faultfinding; too critical
cardinal,adjective,adjective: chief; most important
caret,noun,noun: a mark used by an author or editor to indicate where something is to be inserted into a text
caricatured,adjective,adjective: represent in or produce a caricature of
carping,adjective,adjective: petty criticism; fault-finding; fretful complaining; quibble
cartographer,noun,noun: a person who makes maps or charts
cartography,noun,noun: the making of maps and charts
castigate,noun,noun: censure severely; inflict severe punishment on
castigation,adjective,adjective: punishment; severe criticism or disapproval
cataclysm,noun,noun: deluge; upheaval; earthquake; violent and sudden event or change
cataclysmic,adjective,adjective: severely destructive
catalyst,noun,noun: agent which brings about a chemical change while it remains unaffected and unchanged
caterwaul,noun; adjective,"noun; adjective: the yowling sound made by a cat in heat; utter shrieks, as of cats"
caterwauling,adjective,"adjective: utter shrieks, as of cats"
cathartic,adjective,adjective: purgative; medicine that causes the bowels to empty
catholic,adjective,adjective: (of likings and interests) universal; general; broad; including many different parts
causal,adjective,adjective: implying a cause-and-effect relationship
caustic,adjective,adjective: burning; corrosive; able to burn by chemical action; sarcastically biting
cavalier,noun,noun: casual and offhand; arrogant
cavil,verb,verb: quibble; make frivolous objections; find fault unnecessarily
cede,verb,verb: yield (title or territory) to (esp. after losing a war); surrender formally
celerity,noun,noun: speed; rapidity
censor,noun,noun: (in ancient Rome) overseer of morals (also taking the census); person who eliminates inappropriate matter
censure,verb,verb: blame; criticize; express strong disapproval
centrifuge,noun,noun: machine that separates substances by whirling them
cerebral,adjective,adjective: pertaining to the brain or intellect; intellectual rather than emotional
chagrin,noun,noun: annoyance and disappointment; vexation (caused by humiliation or injured pride)
champion,verb,verb: support militantly; fight for
charlatan,noun,noun: quack; pretender to knowledge (esp. in medicine)
chary,adjective,adjective: cautious; unwilling to take risks; sparing or restrained about giving; OP. bold
chasten,noun,noun: discipline; punish in order to correct
chastise,verb,verb: punish as by beating; criticize severely
chauvinism,noun,noun: fanatical patriotism; activity indicative of belief in the superiority of men over women
chauvinist,noun,"noun: blindly devoted patriot; zealous adherent of a group, cause, or sex"
chauvinistic,adjective,adjective: of or relating to persons convinced of the superiority of their own gender or kind; fanatically patriotic
check,verb,verb: stop motion; curb or restrain
checkered,adjective,adjective: patterned with alternating squares of color; marked by changeable fortune
cherish,noun,noun: be fond of; be attached to
chicanery,noun,noun: trickery; deception
chide,verb,verb: scold; rebuke (someone who has done wrong)
chimera,noun,noun: a fanciful illusion or impossible dream; a grotesque imaginary creature
chivalrous,adjective,adjective: courteous; faithful; brave
choleric,adjective,adjective: hot-tempered; bad-tempered; irritable; easily angered
chortle,noun,noun: chuckle with delight
chronological,adjective,adjective: arranged in the order in which events occurred
churlish,noun,noun: boorish; rude; yahoo
cinematic,adjective,"adjective: having qualities associated with movies, especially dramatic visual style"
circuitous,adjective,"adjective: indirect, roundabout, or not taking the most direct route"
circumlocution,noun,noun: indirect or roundabout expression (by using an uncecessarily large number of words especially when trying to avoid answering a difficult question directly)
circumscribe,verb,verb: limit; confine; draw a line around
circumscribed,verb,verb: subject to limits or subjected to limits; draw a line around
circumspect,noun,noun: prudent; cautious; acting after careful thought
circumvent,verb,verb: outwit; defeat by behaving more cleverly; outsmart; baffle
circumvents,noun,noun: surround so as to force to give up; beat through cleverness and wit
clairvoyant,adjective,adjective: having foresight; fortuneteller
clamber,noun,noun: climb by crawling with difficulties; scramble
clamor,noun,noun: loud continous noise; continuous demand or complaint made by a large number of people
clamorous,adjective,adjective: conspicuously and offensively loud; given to vehement outcry
clandestine,noun,"noun: kept secret, especially because it is improper or illegal"
clangor,noun,noun: loud resounding noise; sound of repeated clanging
clangorous,adjective,adjective: having a loud resonant metallic sound
cleave,noun,noun: split or sever; cling to; remain faithful to
clemency,noun,noun: disposition to be lenient in deciding punishments; mildness as of the weather
climatic,adjective,adjective: of or relating to a climate
climax,noun,noun: the highest point of anything conceived of as growing or developing or unfolding; the decisive moment in a novel or play
clinch,noun; verb,noun; verb: a decisive action or conclusion; a close hold in boxing; to settle conclusively; to fasten firmly
cloak,noun,noun: anything that covers or conceals; a loose outer garment
cloying,adjective,adjective: distasteful (because excessive); excessively sweet or sentimental
coagulate,noun,noun: congeal; thicken; clot
coalesce,verb,verb: combine; fuse
cocksure,adjective,adjective: marked by excessive confidence
coda,noun,noun: concluding section of a musical or literary composition
coddle,verb,verb: treat gently; indulge excessively; pamper; mollycoddle
coerced,verb,"verb: to cause to do through pressure or necessity, by physical, moral or intellectual means"
coercion,noun,noun: use of force to get someone to object; compelling
coercive,adjective,adjective: serving or intended to coerce
coeval,adjective,adjective: living at the same time as; existing during the same period of time; contemporary; of the same age
coffer,noun,noun: an ornamental sunken panel in a ceiling or dome; a chest especially for storing valuables
cogent,adjective,"adjective: clear, logical, and convincing in argument or explanation"
cognizant,adjective,adjective: aware; knowledgeable; having notice or understanding of something
coherence,noun,noun: the state of cohering or sticking together; logical and orderly and consistent relation of parts
cohesive,adjective,adjective: causing cohesion; cohering or tending to cohere; well integrated
cohort,noun,noun: a group of companions or supporters; a band of people with a shared characteristic
coin,verb,verb: make coins; invent or fabricate (a word or phrase)
collaborate,noun,noun: work together; cooperate treasonably with the enemy
collude,noun,noun: act in unison or agreement and in secret towards a deceitful or illegal purpose
collusion,noun,noun: conspiring in a fraudulent scheme to cheat or deceive others
color,adjective; noun,adjective; noun: having or capable of producing colors; a visual attribute of things that results from the light they emit or transmit or reflect
colossal,adjective,"adjective: extremely large in size, degree, or importance"
comely,adverb; adjective,adverb; adjective: attractive; agreeable; having a pleasing appearance
comity,noun,noun: courtesy; civility
commence,verb,"verb: take the first step or steps in carrying out an action; set in motion, cause to start"
commendable,adjective,adjective: worthy of high praise; in an admirable manner
commensurate,noun,noun: equal in extent; of the same size
commiserate,verb,verb: feel or express pity or sympathy for
companionable,adjective,adjective: suggestive of companionship
compelling,adjective,adjective: overpowering; irresistible in effect; holding one's attention; that compels one to do something
compendium,noun,"noun: brief, comprehensive summary"
competent,adjective,"adjective: properly or sufficiently qualified or capable or efficient; adequate, but not outstanding or exceptional"
complacent,adjective,adjective: contented to a fault with oneself or one's actions
complaisance,noun,noun: a disposition or tendency to yield to the will of others
complaisant,adjective,adjective: trying to please; obliging; willing to please others
complement,adjective; verb,adjective; verb: complete; consummate; make perfect
complementary,adjective,adjective: serving to complete something
compliant,noun,"noun: readily acting in accordance with a rule, order, or the wishes or others; yielding; comforming to requirements"
complicit,noun,"noun: involved with others in wrongdoing, often indirectly or silently"
comply,noun; adverb,"noun; adverb: act in accordance with someone's s rules, commands, or wishes"
composure,noun,noun: mental calmness
compound,verb,verb: combine; produce by combining; increase; make worse by adding to or increasing
comprehensive,adjective,adjective: broad; including a lot or everything; thorough; inclusive
compromise,verb; noun,"verb; noun: adjust or settle by making mutual concessions; endanger the interests or reputation of; put into danger, disrepute, or a dishonorable position"
compunction,noun,noun: remorse; strong uneasiness caused by guilt
concede,verb,verb: admit; acknowledge as being true (often reluctantly); yield; grant
concession,noun,"noun: an act of yielding; conceding; something conceded; point, right, etc. given unwillingly"
conciliate,verb,verb: cause to be more favorably inclined; gain the good will of; come to terms
conciliatory,verb,verb: reconciling; soothing; soothe
concoct,verb,verb: prepare by mixing or combining; make up in concert; devise (something false) so as to deceive
concomitant,adjective,adjective: that which accompanies
concord,noun,noun: harmony; accord
concupiscence,noun,noun: a desire for sexual intimacy
concur,noun,noun: agree; coincide; happen at the same time
condemn,verb,verb: express strong disapproval of; declare or judge unfit for use or habitation
condign,adjective,adjective: adequate; (of punishment) severe and well deserved
condolence,noun,noun: an expression of sympathy with another's s grief
condone,verb,verb: overlook; forgive; give tacit approval; excuse
condones,verb,"verb: excuse, overlook, or make allowances for; be lenient with"
conducive,adjective,adjective: helpful; contributive
confer,noun,noun: have a conference in order to talk something over; present
conferred,adjective,adjective: have a conference in order to talk something over; present
confiscate,verb,verb: seize; take possession of (private property) by official order (usu. as a punishment); commandeer
conflagration,noun,noun: great fire
conflate,verb,verb: mix together different elements
confound,verb,verb: confuse; puzzle
congenial,adjective,adjective: pleasant; friendly; in agreement with one's tastes and nature
conglomerate,noun,noun: corporation made up of several different companies in diversified fields; mass of various material gathered together; rock consisting of small stones held together by clay
conjectural,adjective,adjective: based primarily on surmise rather than adequate evidence
conniving,adjective,adjective: acting together in secret toward a fraudulent or illegal end; acting with a specific goal
connoisseur,noun,"noun: person competent to act as a judge of art, etc. (whose judgments are respected); a lover of an art"
connote,verb,verb: express or state indirectly; involve as a necessary condition of consequence; as in logic
conscientious,adjective,adjective: scrupulous; through and careful
consecrate,verb,verb: dedicate; sanctify; declare as sacred
consensus,noun,noun: general agreement; opinion reached by a group
consequential,adjective,adjective: self-important; significant; consequent; following as a result
console,verb,verb: lessen sadness or disappointment; give comfort; allay the sorrow of
consolidate,verb,verb: unite into one; make firm or secure; strengthen
consonant,adjective,adjective: harmonious; in agreement
conspicuous,adjective,adjective: obvious to the eye or mind; without any attempt at concealment; completely obvious
conspire,verb,verb: take part in a conspiracy; (of events) work together; combine
consternation,noun,noun: great shock; dismay
constituent,adjective,adjective: supporter; voter; member of a constituency; component
constraint,noun,noun: restraint; compulsion; repression of feelings; reticence
constrict,verb,verb: squeeze or press together; become tight or as if tight
construe,verb,verb: explain; interpret
consummate,adjective,adjective: complete
consumption,noun,noun: the act or process of using up resources; the eating or drinking of food; an old term for tuberculosis
contemn,verb,verb: look down on with disdain
contempt,noun,noun: scorn; disdain
contemptuous,adjective,adjective: expressing extreme contempt
contend,noun,noun: struggle; compete; assert earnestly; state strongly
contentious,adjective,adjective: quarrelsome; controversial; likely to cause arguments
contextualize,verb,verb: place something within its surrounding circumstances to clarify its meaning
contiguous,adjective,adjective: adjacent to; touching upon
contingent,adjective,adjective: dependent on something uncertain or in the future; conditional; happening by chance; accidental
contraries,noun,noun: a relation of direct opposition; exact opposition
contravene,verb,"verb: contradict; oppose; violate (a rule, law, or custom)"
contrite,noun,noun: penitent; repentant
contrition,noun,noun: sorrow for sin arising from fear of damnation
contrive,verb,verb: invent or fabricate in a clever way (by improvisation); manage
contumacious,adjective,adjective: stubborn and disobedient; resisting authority (esp. disobedient to an order made by a court)
conundrum,noun,noun: riddle; difficult problem
convalescent,noun,noun: returning to health after illness or debility; a person who is recovering from illness
convention,noun,noun: social or moral custom; established practice; formal meeting; international agreement
conventional,adjective,adjective: ordinary; typical; not nuclear
converge,noun,noun: approach; tend to meet; come together
conversant,adjective,adjective: familiar with; having knowledge of
conversely,verb,verb: Form of 'converse': opposite
conversion,noun,noun: an event that results in a transformation; a successful free throw or try for point after a touchdown
convivial,adjective,adjective: pleasantly merry; festive; joyous; gay
convoke,noun,noun: call together
convoluted,adjective,adjective: coiled around; twisted; involved; complicated
copious,adjective,adjective: abundant in amount; more than enough
cordial,adjective,adjective: warmly friendly; gracious; heartfelt
cordon,noun; verb,"noun; verb: a line of people, troops, or barriers that prevents access; to surround or close off with such a line"
cornucopia,noun,noun: horn (or horn-shaped container) overflowing with fruit and grain; symbol of abundance; horn of plenty
corollary,adjective,adjective: natural consequence (which naturally follows from something else)
corpulent,adjective,adjective: very fat
correlate,noun,noun: either of the correlated things
corroborate,verb,verb: confirm; support; strengthen
corrosion,noun,noun: a state of deterioration in metals caused by oxidation or chemical action; erosion by chemical action
cosmopolitan,noun,noun: growing or occurring in many parts of the world; composed of people from or at home in many parts of the world; especially not provincial in attitudes or interests
cosset,verb,verb: treat with excessive indulgence
cosseted,verb,verb: treat with excessive indulgence
coterie,noun,noun: group that meets socially; select circle; close group of people with shared interests
coterminous,adjective,adjective: being of equal extent or scope or duration
countenance,verb,verb: approve; support; tolerate
counterintuitive,adjective,adjective: contrary to what common sense would suggest
countermand,verb,verb: cancel; revoke (an order)
counterpoint,noun; verb,noun; verb: a musical form involving the simultaneous sound of two or more melodies; to show differences when compared; be different
counterproductive,adjective,adjective: working against the desired goal; producing the opposite of the intended result
covert,adjective,adjective: secret; hidden; implied; OP. overt
covet,verb,"verb: to desire strongly, especially something belonging to someone else"
cow,verb,verb: terrorize; intimidate
cowed,adjective; verb,adjective; verb: frightened into submission; subdued through fear or intimidation
cower,verb,verb: shrink quivering as from fear; cringe
cozen,noun,noun: cheat; hoodwink; swindle
craft,noun,noun: skill (esp. with one's hands); skill in deceiving people; guile
crafty,adjective,adjective: marked by skill in deception
craven,noun,noun: contemptibly cowardly or lacking courage
credence,noun,noun: belief in or acceptance that something is true
credibility,noun,noun: the quality of being believable or trustworthy
credible,adjective,adjective: believable; capable of being accepted as true
creditable,adjective,adjective: worthy of often limited commendation
credulity,noun,noun: belief on slight evidence; gullibility; naivet\'e
credulous,adjective,adjective: disposed to believe on little evidence; showing a lack of judgment or experience
crepuscular,adjective,adjective: like twilight; dim
crescendo,verb,verb: increase in the volume or intensity as in a musical passage; climax
crestfallen,noun,noun: dejected; dispirited
cryptic,adjective,adjective: mysterious; hidden; secret
crystallize,verb,verb: cause to take on a definite and clear shape; make free from confusion or ambiguity; make clear
culminate,verb,"verb: end, especially to reach a final or climactic stage; bring to a head or to the highest point"
culpability,noun,noun: a state of guilt
culpable,adjective,adjective: deserving blame; blameworthy
cultured,adjective; verb,adjective; verb: marked by refinement in taste and manners; grow in a special preparation
cumbersome,noun,noun: heavy and awkward to carry or wear; burdensome
cunning,adjective,adjective: clever in deceiving; sly
cupidity,noun,noun: greed (for wealth)
curb,noun,noun: chain or strap used with a bit to restrain a horse; something that checks
curmudgeon,noun,"noun: churlish, miserly individual; bad-tempered old person"
cursory,adjective,adjective: casual; hastily done with little attention to detail
curtail,verb,verb: shorten; reduce
cynical,adjective,adjective: skeptical or distrustful of human motives
dalliance,noun,noun: the deliberate act of delaying and playing instead of working; playful behavior intended to arouse sexual interest
damp,noun,noun: slightly wet; a slight wetness
daunt,verb,verb: intimidate; frighten; discourage; dishearten
daunting,verb,verb: discouraging through fear; cause to lose courage
dawdle,noun,noun: loiter; hang around; waste time doing nothing
dearth,noun,noun: a serious shortage or lack of something needed
debacle,adjective,adjective: sudden disastrous downfall or defeat; complete disaster
debase,verb,verb: degrade; reduce in quality or value; degenerate; lower in esteem
debased,adjective,adjective: mixed with impurities; lowered in value
debauchery,noun,noun: a wild gathering involving excessive drinking and promiscuity
debilitating,verb,verb: impairing the strength and vitality; make weak
debonair,noun,"noun: (of men) friendly, charming, and fashionably dressed; aiming to please"
debunk,verb,"verb: expose as false, exaggerated, worthless, etc.; ridicule"
debutante,noun,noun: young woman making formal entrance into society
decadent,adjective,adjective: luxuriously self-indulgent; marked by excessive self-indulgence and moral decay
decibel,noun,noun: a logarithmic unit of sound intensity; 10 times the logarithm of the ratio of the sound intensity to some reference intensity
decimate,verb,verb: kill (usually one out of ten or every tenth man); destroy or kill a large part of
decimation,noun,noun: destroying or killing a large part of the population
declaim,verb,verb: recite in elocution; speak against in an impassioned manner
declivity,noun,noun: downward slope
decorous,adjective,"adjective: proper (in behavior, conduct, or appearance)"
decorum,noun,noun: propriety; orderliness and good taste in manners; appropriateness of behavior or conduct
decry,verb,verb: express strong disapproval of; condemn openly (something dangerous to the public); disparage
deem,verb,verb: keep in mind or convey as a conviction or view
deface,noun,noun: mar; disfigure
defalcate,noun,noun: embezzle or misuse funds entrusted to one’s care
default,noun,noun: failure to act; failure to perform a task or be present
defer,verb,verb: give in respectfully; submit; delay till later; exempt temporarily
deference,noun,noun: courteous regard for another's s wish; courteous yielding to another's s wish or opinion (showing respect); OP. effrontery
deferential,adjective,adjective: showing deference
deflect,verb,verb: turn aside; turn away from a straight course
defray,noun,noun: provide for the payment of; undertake the payment of; pay
deft,adjective,adjective: neat; skillful
deftness,adjective,adjective: skillful performance or ability without difficulty
degrade,verb,"verb: reduce the level of land, as by erosion; reduce in worth or character, usually verbally"
deify,verb,verb: turn into a god; make a god of; idolize
deign,noun,noun: condescend; stoop
deject,verb,verb: lower someone's s spirits; make downhearted
delegate,noun,noun: a person appointed or elected to represent others; transfer power to someone
deleterious,adjective,"adjective: causing harm, damage, or injury over time"
deliberate,verb,verb: consider; ponder
delimit,verb,"verb: determine the essential quality of; be opposite to; of angles and sides, in geometry"
delineate,verb,verb: portray; depict; sketch; describe
demagogue,noun,noun: person who appeals to people's prejudice; false leader of people
demarcate,verb,"verb: separate clearly, as if by boundaries; set, mark, or draw the boundaries of something"
demean,verb,verb: disgrace; humiliate; debase in dignity; behave
demonstrative,adjective,adjective: given to or marked by the open expression of emotion; serving to demonstrate
demotic,adjective,adjective: of or pertaining to the people
demur,verb,"verb: object (because of doubts, scruples); raise an objection (showing qualms); hesitate"
demure,noun,noun: (of a woman or child) grave; quiet and serious; coy; pretending to be demure
denigrate,noun,noun: blacken; defame
denizen,noun,"noun: (animal, person, or plant) inhabitant or resident of a particular place; regular visitor"
denote,noun,noun: be a sign or indication of; have as a meaning
denouement,noun,noun: final outcome; final development of the plot of a play or other literary work; the end of a story when everything is explained
denounce,verb,verb: condemn; criticize
denuded,adjective,adjective: without the natural or usual covering; lay bare
depiction,noun,noun: a graphic or vivid verbal description; a representation by picture or portraiture
deplete,verb,verb: reduce; exhaust
deplore,verb,verb: regret; express sorrow and severe disapproval for something bad
deposition,noun,noun: testimony under oath; deposing; dethroning
deprecate,verb,verb: express disapproval of; deplore; protest against; belittle
depredate,noun,"noun: plunder, ravage, or prey upon"
derelict,noun,noun: negligent; (of someone) neglectful of duty; (of something) deserted by an owner; abandoned
deride,verb,verb: ridicule; treat with contempt; make fun of; OP. respect
derision,verb,verb: ridicule
derisive,adjective,adjective: abusing vocally; expressing contempt or ridicule
derivative,adjective,adjective: unoriginal; obtained from another source
derive,verb,verb: reason by deduction; establish by deduction; obtain
derogative,adjective,adjective: expressive of low opinion
descant,noun,noun: a discourse on a theme; an ornamental melody above a main theme
descry,noun,noun: catch sight of (something distant)
desecrate,verb,verb: profane; violate the sanctity of
desiccate,verb; adjective,verb; adjective: to dry out thoroughly; dried or dehydrated
desiccated,adjective,adjective: thoroughly dried out; preserved by removing natural moisture
desideratum,noun,noun: something desired as a necessity
despoiled,adjective; verb,adjective; verb: having been robbed and destroyed by force and violence; steal goods; take as spoils
despoiler,noun,noun: someone who takes spoils or plunder
despot,adjective,"adjective: tyrant; harsh, authoritarian ruler"
despotic,adjective,adjective: belonging to or having the characteristics of a despot; ruled by or characteristic of a despot
destitute,adjective,adjective: extremely poor; lacking means of subsistence; utterly lacking; devoid
desuetude,noun,noun: A state of disuse or inactivity.
desultory,adjective,adjective: aimless; haphazard; digressing at random
detached,adjective; verb,adjective; verb: emotionally removed; free from emotional involvement; calm and objective; physically separate
detachment,noun,noun: avoiding emotional involvement; the act of releasing from an attachment or connection
deter,verb,verb: try to prevent; show opposition to; turn away from by persuasion
deteriorate,verb,verb: become worse or disintegrate; grow worse
determinant,adjective,adjective: having the power or quality of deciding; or determinant
deterrent,noun,noun: something that discourages or deters
detraction,noun,noun: slandering; aspersion; detracting
detrimental,adjective,adjective: harmful; damaging
deviance,noun,noun: a state or condition markedly different from the norm; deviate behavior
deviate,verb,"verb: turn away from (a principle, norm); move away from an accepted standard; swerve; depart"
deviation,noun,noun: a variation that deviates from the standard or norm; the difference between an observed value and the expected value of a variable or function
devoid,noun,noun: empty; lacking
devolve,noun,"noun: deputize; pass or be passed to others (power, work, or property)"
devout,noun,noun: pious; deeply religious; sincere; earnest
dexterity,noun,noun: adroitness in using the hands
diabolic,adjective,adjective: showing the cunning or ingenuity or wickedness typical of a devil; extremely evil or cruel; expressive of cruelty or befitting hell
diabolical,adjective,adjective: diabolic; devilish; fiendish
diaphanous,adjective,adjective: sheer; transparent
diatribe,adjective,adjective: bitter scolding or denunciation; invective; abuse
dichotomy,noun,noun: division into two opposite parts; split; branching into two parts (especially contradictory ones)
dictate,noun,noun: an authoritative rule; a guiding principle
dictatorial,adjective,adjective: of or characteristic of a dictator; expecting unquestioning obedience
dictum,noun,noun: authoritative and weighty statement (made by a judge in court); saying; maxim
didactic,adjective,adjective: (of speech or writing) intended to teach a moral lesson; teaching; instructional
differentiate,verb,"verb: mark as different; be a distinctive feature, attribute, or trait; sometimes in a very positive sense"
diffident,adjective,adjective: showing modest reserve; lacking self-confidence
diffuse,verb,verb: wordy; verbose; rambling; spread out (like a gas)
digress,noun,"noun: lose clarity or turn aside especially from the main subject of attention or course of argument in writing, thinking, or speaking; wander from a direct or straight course"
digression,noun,noun: wandering away from the subject
dilapidated,adjective,adjective: falling to pieces; in a bad condition; ruined because of neglect
dilate,noun,noun: expand; dilate on/upon: speak or write at length on (a subject)
dilatory,adjective,adjective: delaying; tending to delay
dilettante,noun,noun: aimless follower of an art or a field of knowledge (not taking it seriously); amateur; dabbler
diligent,adjective,adjective: quietly and steadily persevering especially in detail or exactness; or patient
dilute,verb,verb: make (a liquid) less concentrated; reduce in strength
diminutive,noun,noun: very small; a word that is formed with a suffix
din,noun,noun: continued loud noise
dint,noun,noun: means; effort
dire,adjective,adjective: warning of disaster; disastrous; (of needs and dangers) very great; urgent
dirge,noun,noun: funeral song; slow mournful piece of music (sung over a dead person)
disabuse,adjective,adjective: correct a false impression; undeceive; free from a wrong belief
disaffect,noun,"noun: arouse hostility or indifference in where there had formerly been love, affection, or friendliness"
disaffected,adjective,adjective: disloyal; lacking loyality
discern,noun,noun: detect with the senses
discernible,adjective,adjective: distinguishable; perceivable
discerning,adjective,adjective: mentally quick and observant; having insight; perceptive; able to make good judgments
discomfit,verb,verb: frustrate; put to rout; defeat; disconcert
discomfiting,verb,verb: cause to lose one's composure
disconcert,verb,verb: confuse; upset; embarrass; perturb
discord,noun,noun: conflict; lack of harmony; dissonance (when musical notes are played)
discordant,adjective,adjective: not harmonious; conflicting
discount,noun,noun: disregard; regard (a story or news) as unimportant; deduct from a cost
discourse,noun,"noun: serious speech, writing, or conversation; formal discussion (either written or spoken); conversation"
discredit,verb,verb: defame; disgrace; destroy confidence in; disbelieve
discreet,adjective,adjective: marked by prudence or modesty and wise self-restraint; unobtrusively perceptive and sympathetic
discrepancy,noun,noun: lack of consistency or agreement as between facts; difference
discrete,verb,verb: separate; unconnected
discretion,noun,noun: prudence; ability to adjust actions to circumstances; freedom of action or judgment
discriminate,verb,verb: distinguish; make distinctions on the basis of preference
discriminating,adjective,adjective: able to see differences; discerning; prejudiced
discursive,adjective,adjective: (of a person or writing) digressing; rambling (without any clear plan)
disdain,verb,verb: treat with scorn or contempt
disenfranchise,noun,noun: disfranchise; deprive of a civil right; OP. enfranchise
disgruntled,verb,verb: in a state of sulky dissatisfaction; put into a bad mood or into bad humour
disheartened,verb,verb: made less hopeful or enthusiastic; take away the enthusiasm of
disillusion,adjective,adjective: freeing from false belief or illusions; free from enchantment
disingenuous,adjective,adjective: not naive; not candid; sophisticated; worldly wise
disinterest,noun,noun: tolerance attributable to a lack of involvement
disinterested,adjective,adjective: unprejudiced; free from bias and self-interest; objective
disjointed,adjective,adjective: disconnected; lacking coherence; disjoin
dismantle,verb,verb: take apart; disassemble
dismiss,verb,verb: eliminate from consideration; no longer consider; put out of court without further hearing; reject
dismissive,adjective,adjective: showing indifference or disregard; stopping to associate with
disparage,verb,verb: speak of as inferior; belittle or criticize unfairly
disparate,noun,noun: basically different; impossible to compare; unrelated
dispassionate,verb; adjective,verb; adjective: calm; impartial; not influenced by personal feelings
dispatch,noun,noun: speediness; prompt execution; message sent with all due speed
dispensation,noun,noun: exemption from a rule or requirement; permission to be excused
disperse,verb,verb: to scatter or spread widely; to cause a group to break up
dispersed,adjective,adjective: distributed or spread over a considerable extent; distribute loosely
displacing,verb,"verb: cause to move, usually with force or pressure; take the place of or have precedence over"
disposition,noun,noun: your usual mood; the act or means of getting rid of something
disputatious,adjective,adjective: argumentative; fond of argument
disquieting,verb,verb: causing mental discomfort; disturb in mind or make uneasy or cause to be worried or alarmed
disregard,noun,noun: lack of attention and due care; willful lack of care and attention
dissemble,verb,verb: disguise; hide the real nature of; pretend
dissembler,noun,noun: a person who professes beliefs and opinions that he or she does not hold in order to conceal his or her real feelings or motives
disseminate,verb,verb: distribute; spread; scatter (like seeds)
disseminated,verb,verb: cause to become widely known
dissent,adjective,"adjective: disagree with an accepted opinion, decision, or authority"
dissident,noun,"noun: dissenting (with an opinion, a group, or a government); rebellious"
dissipate,verb,verb: squander; waste foolishly; scatter
dissolution,noun,noun: disintegration; reduction to a liquid form; looseness in morals; sensual indulgence
dissonance,noun; adjective,"noun; adjective: lack of harmony or agreement; harsh, clashing sound"
distaff,noun,noun: characteristic of or peculiar to a woman; the sphere of work by women
distend,noun,noun: expand; swell out
distension,noun,noun: the act of expanding by pressure from within; the state of being stretched beyond normal dimensions
distention,noun,noun: the state of being stretched beyond normal dimensions; the act of expanding by pressure from within
distill,verb,verb: refine (a liquid by evaporating and subsequent condensation); concentrate; separate the most important parts from
distort,verb,verb: twist out of shape; give a false account of; misrepresent
distrait,noun,noun: absentminded; distracted
distraught,noun,noun: upset; distracted by anxiety; very anxious and troubled almost to the point of madness
distressed,adjective,adjective: facing or experiencing financial trouble or difficulty; generalized feeling of distress
dither,noun,noun: an excited state of agitation; act nervously; be undecided; be uncertain
diurnal,adjective,adjective: daily; occurring during the daytime
diverge,verb,verb: vary; go in different directions from the same point; deviating
divergent,adjective,adjective: diverging from another or from a standard; tending to move apart in different directions
divert,verb,verb: turn aside; turn away from; send on a course or in a direction different from the planned or intended one
divest,noun,noun: strip (as of clothes); deprive (as of rights); dispossess
divine,noun,noun: perceive intuitively (by or as if by magic); foresee the future; foretell; dowse
divisive,adjective,adjective: dissenting
divorced,adjective,adjective: of someone whose marriage has been legally dissolved; part; cease or break association with
divulge,verb,verb: make secret or private information known
docile,adjective,adjective: obedient; easily managed; submissive
doctrinaire,adjective,adjective: unable to compromise about points of doctrine; dogmatic; unyielding; marked by inflexible attachment to a doctrine without regard to its practical difficulties
document,noun,noun: provide written evidence (for a claim); record with documents
documentary,adjective,adjective: relating to or consisting of or derived from documents
doff,verb,verb: take off; OP. don
dog,noun,noun: a member of the genus Canis ; a dull unattractive unpleasant girl or woman
dogged,adjective,adjective: determined; stubborn; stubbornly persevering; tenacious
doggedness,noun,noun: persistent determination
doggerel,noun,noun: poor verse
dogma,noun,noun: a religious doctrine that is proclaimed as true without proof; a doctrine or code of beliefs accepted as authoritative
dogmatic,adjective,adjective: opinionated; holding stubbornly to one's opinion; arbitrary; doctrinal
doleful,adjective,adjective: filled with or evoking sadness
dolorous,adjective,adjective: sorrowful
dormant,adjective,adjective: sleeping; temporarily inactive; lethargic; latent
doughty,noun,"noun: brave, persistent, and resolute despite difficulty"
dour,adjective,adjective: sullen; gloomy; stubborn
dovetail,noun,"noun: a mortise joint formed by interlocking tenons and mortises; fit together tightly, as if by means of a dovetail"
draconian,noun,noun: extremely severe
droll,noun,noun: queer and amusing
dross,noun,noun: waste matter; worthless impurities
dubious,adjective,adjective: questionable; (of something) causing doubt; (of someone) filled with doubt
dudgeon,noun,noun: a feeling of intense indignation
dulcet,noun,noun: sweet sounding; pleasing to the ear; melodious
dupe,noun,noun: someone easily fooled or deceived
duplicitous,adjective,adjective: marked by deliberate deceptiveness especially by pretending one set of feelings and acting under the influence of another
duplicity,adjective,adjective: double-dealing; hypocrisy; being dishonest and deceitful
duress,noun,"noun: forcible restraint, especially unlawfully; coercion by threat; illegal coercion"
dwindle,verb,verb: shrink; reduce gradually
dwindling,noun,noun: gradually decreasing until little remains; a becoming gradually less
dynamo,noun,noun: generator for producing electricity; energetic person
dyspeptic,adjective,adjective: suffering from indigestion; difficulty in digesting food
exempli gratia,noun,"noun: Latin phrase meaning “for example,” often abbreviated"
earnest,adjective,adjective: characterized by a firm and humorless belief in the validity of your opinions; sincerely earnest
ebullience,noun,noun: overflowing with eager enjoyment or approval
ebullient,adjective,adjective: showing excitement; overflowing with enthusiasm; boiling
eccentric,adjective,adjective: irregular; odd; unconventional; whimsical
echelon,noun,noun: status in a society or organization; a body of troops arranged in a line
eclectic,adjective,adjective: selective; composed of elements drawn from disparate sources; selecting individual elements from a variety of sources
eclipse,noun,noun: darken; extinguish; outshine; surpass
economical,adjective,"adjective: using the minimum of time or resources necessary for effectiveness; of or relating to an economy, the system of production and management of material wealth"
economy,noun,noun: efficiency or conciseness in using something; thrifty management of resources
edacious,adjective,adjective: devouring or craving food in great quantities
edify,noun,noun: instruct; correct morally
edifying,verb,verb: enlightening or uplifting so as to encourage intellectual or moral improvement; make understand
effaced,verb,verb: remove completely from recognition or memory; make inconspicuous
effervescent,adjective,adjective: used of wines and waters; charged naturally or artificially with carbon dioxide
effete,adjective,adjective: having lost one's original power; barren; worn out; exhausted
efficacious,adjective,adjective: marked by qualities giving the power to produce an intended effect; producing or capable of producing an intended result or having a striking effect
efficacy,noun,noun: power to produce desired effect
effigy,noun,"noun: dummy; likeness of a person made of wood, paper, or stone"
efflorescence,noun,noun: the period of greatest prosperity or productivity; any red eruption of the skin
effluvia,noun,noun: a foul-smelling outflow or vapor
effluvium,noun,noun: noxious (harmful) smell
effrontery,noun,noun: rudeness without any sense of shame; shameless boldness; presumptousness; nerve
effusive,adjective,adjective: uttered with unrestrained enthusiasm; extravagantly demonstrative
egalitarian,noun,noun: favoring social equality; a person who believes in the equality of all people
egotist,noun,noun: a conceited and self-centered person
egregious,adjective,adjective: notorious; conspicuously bad or shocking
egress,noun,noun: exit; opening for going out; act of going out; OP. ingress
eke,verb,verb: obtain or supplement with difficulty and careful effort
elaborate,verb,verb: work out carefully; add more detail or information
elated,adjective,adjective: filled with excited joy and pride; overjoyed; in high spirits; joyful and proud
eldritch,noun,noun: suggesting the operation of supernatural influences
elegiac,noun,noun: resembling or characteristic of or appropriate to an elegy; expressing sorrow often for something past
elegy,noun,noun: poem or song expressing lamentation (for the dead)
elementary,adjective,adjective: easy and not involved or complicated; of or pertaining to or characteristic of elementary school or elementary education
elevate,verb,verb: give a promotion to or assign to a higher position; raise from a lower to a higher position
elicit,verb,verb: draw out fact or information (by discussion or from someone)
elitist,noun,noun: someone who believes in rule by an elite group
eloquence,noun,noun: expressiveness; persuasive speech; expressing ideas well so that the hearers can be influeneced
eloquent,adjective,"adjective: expressing yourself readily, clearly, effectively"
elucidate,verb,verb: explain; make clear; clarify; enlighten
elude,verb,"verb: escape, either physically or mentally; be incomprehensible to; escape understanding by"
elusive,adjective; verb,"adjective; verb: evasive; not frank; baffling; hard to grasp, catch, or understand"
emaciate,verb,verb: cause to grow thin or weak; grow weak and thin or waste away physically
emancipate,noun,noun: set free; liberate
embellish,verb,verb: adorn; ornament; enhance as a story (by adding fictitious details)
embroil,verb,"verb: throw into confusion; involve in strife, dispute, or quarrel; entangle"
embroiled,verb,"verb: deeply involved especially in something complicated; force into some kind of situation, condition, or course of action"
embryonic,adjective,adjective: undeveloped; rudimentary
eminent,adjective,adjective: rising above others; high; lofty; distinguished
emissary,adjective,adjective: agent (sent on a mission to represent another); messenger
emollient,adjective,adjective: soothing or softening remedy (for the skin)
empathetic,adjective,adjective: showing empathy or ready comprehension of others' states
emphatic,adjective,adjective: spoken with emphasis; sudden and strong
empirical,adjective,adjective: based on experience
empiricism,noun,noun: the application of empirical methods in any art or science
emulate,verb,verb: imitate; rival; try to equal or excel (through imitation)
enamor,verb,verb: attract; cause to be enamored
enchant,verb,verb: hold spellbound; attract; cause to be enamored
encomium,noun,noun: a formal expression of praise
encompass,verb,verb: surround; include
encroaching,adjective,adjective: gradually intrusive without right or permission; advance beyond the usual limit
encumber,verb,"verb: to burden, weigh down, or impede"
encyclopedic,adjective,adjective: comprehensive in scope or content
endemic,adjective,adjective: prevailing among a specific group of people or in a specific area or country; peculiar to a particular region or people
enervate,verb,verb: weaken; take away energy from
enervated,adjective; verb,adjective; verb: lacking energy or vitality; weaken mentally or morally
enervating,verb,verb: causing debilitation; weaken mentally or morally
engender,verb,verb: cause; produce; give rise to
enhance,verb,"verb: increase; make greater (as in value, reputation, or usefulness); improve"
enigma,noun,noun: puzzle; mystery; puzzling
enigmatic,adjective,adjective: not clear to the understanding; resembling an oracle in obscurity of thought
enjoin,verb,verb: command; order; forbid
enmity,noun,noun: ill will; hatred; hostility
ennui,noun,noun: boredom; listlessness and dissatisfaction resulting from lack of interest
enormity,noun,noun: hugeness (in a bad sense); excessive wickedness
ensorcelled,adjective,"adjective: captured, as if under a spell"
enthrall,verb,verb: capture; enslave; captivate; hold the complete attention of (as if magic)
entice,verb,verb: lure; persuade to do (something wrong); attract; tempt
entitled,verb,verb: qualified for by right according to law; give the right to
entitlement,noun,noun: right granted by law or contract
entreat,verb,verb: plead; ask earnestly
entrenched,adjective,adjective: dug in; established firmly and securely
enumerate,noun,noun: list; mention one by one
ephemeral,adjective,adjective: short-lived; fleeting
epicure,noun,noun: connoisseur of food and drink; gourmet
epigram,noun,"noun: witty thought or saying, usually short"
epiphany,noun,noun: a divine manifestation; twelve days after Christmas; celebrates the visit of the three wise men to the infant Jesus
episodic,adjective,adjective: (of a story or play) loosely connected; made up of separate and loosely connected parts
epistolary,adjective,adjective: written in the form of or carried on by letters or correspondence
epithet,noun,noun: word or phrase characteristically used to describe a person or thing; descriptive phrase to characterize a person (often contemptous)
epitome,noun,noun: perfect example or embodiment; brief summary
eponym,noun,noun: the person for whom something is named; the name derived from a person
eponymous,adjective,adjective: being or relating to or bearing the name of an eponym
equable,adjective,adjective: tranquil; of even calm temper; (of temperature) steady; uniform
equanimity,noun,noun: calmness of temperament; composure
equipoise,noun,noun: balance; balancing force; equilibrium
equitable,adjective,adjective: fair; impartial; OP. inequitable
equivocal,adjective,adjective: (of words or statements) ambiguous; intentionally misleading; (of behavior) questionable; OP. unequivocal
equivocate,noun,noun: use equivocal language to deceive people; lie; mislead; attempt to conceal the truth
eradicate,verb,"verb: kill in large numbers; destroy completely, as if down to the roots"
err,verb,verb: to make a mistake or be incorrect; wander from a direct course or at random
errant,adjective,adjective: wandering (esp. in search of adventure); straying from proper moral standards
erratic,adjective,adjective: odd; irregular in movement or behavior; unpredictable
erroneous,adjective,adjective: mistaken; wrong; incorrect
ersatz,noun,noun: artificial and inferior; an artificial or inferior substitute or imitation
erstwhile,adjective,adjective: belonging to some prior time; at a previous time
erudite,adjective,adjective: (of a person or book) learned; full of learning; scholarly
erudition,noun,noun: profound scholarly knowledge
escalate,verb,verb: increase in extent or intensity
eschew,verb,verb: avoid habitually
esoteric,adjective,"adjective: hard to understand; known only to the chosen few, especially initiates"
espouse,verb,verb: adopt; support (an idea or aim); marry
espy,noun,noun: catch sight of
essay,noun,noun: an analytic or interpretive literary composition; a tentative attempt
estimable,adjective,adjective: (of a person) worthy of esteem; admirable; deserving esteem; possible to estimate
estranged,adjective,adjective: separated; alienated
ethereal,adjective,adjective: like a spirit or fairy; unearthly light; heavenly; unusually refined
ethos,noun,"noun: underlying character of a culture, group, etc.; character or ideas peculiar to a specific person, group, or culture"
etiolated,verb,verb: make weak by stunting the growth or development of
eulogy,noun,"noun: expression of praise, often on the occasion of someone's s death"
euphemism,noun,noun: mild expression in place of an unpleasant one
euphony,noun,noun: sweet sound
euphoria,adjective,adjective: feeling of exaggerated or unfounded ; baseless well-being; feeling of great happiness or well-being (when unreasonable)
euphoric,adjective,adjective: exaggerated feeling of well-being or elation
eurytopic,adjective,adjective: able to tolerate or inhabit a wide range of environmental conditions
evade,verb,"verb: avoid or try to avoid fulfilling, answering, or performing ; escape, either physically or mentally"
evanescent,adjective,adjective: fleeting; vanishing; soon disappearing
evasive,adjective,adjective: not frank; trying to hide the truth; eluding; evading
evenhanded,adjective,adjective: impartial; fair
evince,verb,verb: show clearly
evinced,verb,verb: give expression to
evoke,noun,noun: call forth (memory or feeling)
exacerbate,noun,noun: worsen; aggravate; embitter
exacerbated,verb,verb: make worse; exasperate or irritate
exact,verb,verb: demand and obtain by force
exacting,adjective,adjective: extremely demanding
exaggerate,verb,verb: to enlarge beyond bounds or the truth; do something to an excessive degree
exalt,verb,verb: raise in rank or dignity; praise highly; inspire
exasperate,verb,verb: vex; annoy or make angry (by testing the patience)
exasperated,adjective,adjective: greatly annoyed; out of patience; exasperate or irritate
excise,verb,verb: cut away; cut out
excoriate,verb,verb: scold with biting harshness; censure strongly; strip the skin off
excoriated,verb,verb: express strong disapproval of; tear or wear off the skin or make sore by abrading
excruciating,adjective,adjective: extremely painful; torment emotionally or mentally
exculpate,noun,noun: clear from blame or guilt
exculpated,adjective,adjective: freed from any question of guilt; pronounce not guilty of criminal charges
execrable,adjective,adjective: very bad; detestable
execrate,verb,verb: curse; express abhorrence for; detest
exegesis,noun,"noun: explanation, especially of biblical (of the bible) passages"
exemplar,noun,noun: something to be imitated
exemplify,verb,verb: show by example; furnish an example; serve as an example of
exhaustive,adjective,adjective: performed comprehensively and completely; not superficial or partial
exhilarating,adjective,adjective: invigorating and refreshing; cheering
exhort,noun,noun: urge (by strong argument or advice)
exigent,adjective,adjective: demanding attention; requiring precise accuracy
exiguity,noun,noun: the quality of being meager
exodus,noun,noun: departure (of a large number of people)
exonerate,adjective,adjective: acquit; exculpate; free from blame or guilt
exorbitant,adjective,adjective: (of costs or demands) excessive; exceeding reasonable bounds
exorcise,noun,noun: drive out evil spirits
exotic,adjective,adjective: not native; from another part of the world; strange; intriguingly unusual
expansive,adjective,adjective: (of a person) outgoing and sociable; broad and extensive; able to increase in size
expatiate,verb,verb: talk at length; speak or write in detail
expatriate,noun,noun: exile; someone who has withdrawn from his native land
expedient,adjective,adjective: suitable (for a particular purpose although not necessarily morally correct); practical; politic (prudent)
expedite,verb,verb: hasten; make go faster
expel,verb,verb: force to leave or move out; remove from a position or office
expiate,verb,verb: make amends for (a sin)
explicable,adjective,adjective: capable of being explicated or accounted for
explicate,verb,verb: explain in detail; interpret; clarify
explicator,noun,noun: one who explains or interprets a difficult text or idea
explicit,noun,noun: totally clear; definite; outspoken
exploitative,adjective,adjective: tending to exploit or make use of
exponent,noun,noun: a person who pleads for a cause or propounds an idea; someone who expounds and interprets or explains
exposition,noun,noun: a systematic interpretation or explanation ; a collection of things
expostulate,noun,noun: reason with
expound,verb,verb: explain in detail; set forth an idea systematically
expunge,verb,verb: cancel; remove a word or name (from a book or list); erase
expurgate,verb,verb: clean; remove offensive parts of a book
exscind,verb,"verb: cut out, remove, or delete"
extant,adjective,adjective: (of something written or painted) still in existence
extemporaneous,adjective,adjective: not planned; impromptu; extempore
extend,verb,"verb: extend in scope or range or area; stretch out over a distance, space, time, or scope; run or extend between two points or beyond a certain point"
extenuating,verb,verb: partially excusing or justifying; lessen or to try to lessen the seriousness or extent of
extirpate,verb,verb: root up; uproot; destroy completely
extol,verb,verb: to praise highly; to glorify
extraneous,adjective,adjective: not essential; irrelevant; superfluous; external
extrapolate,verb,verb: draw from specific cases for more general cases; estimate the value of
extravagant,adjective,"adjective: unrestrained, especially with regard to feelings; recklessly wasteful"
exuberant,adjective,"adjective: joyously unrestrained; unrestrained, especially with regard to feelings"
exult,noun,"noun: rejoice greatly, especially after success or triumph"
fabricate,verb,verb: build; lie; make up (a story) in order to deceive
facetious,adjective,adjective: joking (often inappropriately); unserious; humorous
facile,adjective,adjective: easily accomplished; ready or fluent; superficial; not deep
facilitate,verb,verb: help bring about; make less difficult
faction,noun,noun: party; clique (within a large group); dissension
factious,adjective,adjective: inclined to form factions; causing dissension
factitious,adjective,adjective: artificial; produced artificially; sham; false
fallacious,adjective,adjective: false; based on a fallacy; misleading
fallacy,noun,noun: a misconception resulting from incorrect reasoning
fallible,adjective,adjective: liable to err
fallow,noun,noun: (of land) plowed but not sowed (to improve the quality); uncultivated
falter,verb,verb: hesitate; weaken in purpose or action; walk or move unsteadily through weakness
fanatic,adjective; noun,adjective; noun: marked by excessive enthusiasm for and intense devotion to a cause or idea; a person motivated by irrational enthusiasm
fanatical,adjective,adjective: marked by excessive enthusiasm for and intense devotion to a cause or idea
fanciful,adjective,adjective: whimsical; visionary; imaginary; produced by imagination
fancy,noun,noun: imagination (of a whimsical or fantastic nature); capricious liking
farce,adjective,adjective: broad comedy; mockery; humorous play full of silly things happening
fastidious,adjective,adjective: difficult to please; squeamish; fussy; finicky
fathom,verb,verb: comprehend; investigate; determine the depth of
fatuous,adjective,adjective: smugly and unconsciously foolish; inane; silly
fawn,noun,noun: a color or pigment varying around a light grey-brown color; a young deer
fawning,adjective,adjective: courting favor by cringing and flattering; seek favor or attention by obsequiousness
feasible,adjective,adjective: practical; able to be carried out; practicable
feckless,adjective,adjective: not fit to assume responsibility; generally incompetent and ineffectual
fecund,adjective,adjective: capable of producing offspring or vegetation; intellectually productive
feeble,adjective,adjective: pathetically lacking in force or effectiveness; lacking strength or vigor
feign,noun,"noun: pretend to feel, have, or be affected by something"
felicitious,adjective,"adjective: well chosen, apt, or pleasingly appropriate; felicitous"
felicitous,adjective,adjective: (of a word or remark) apt; suitably expressed; well chosen
felicity,noun,"noun: happiness; appropriateness (of a remark, choice, etc.); quality of being felicitous"
fell,noun,noun: cruel; (of a disease) deadly
ferret,noun,noun: drive or hunt out of hiding; hunt with ferrets; drive out (as from a hiding place); expel
fervent,adjective,adjective: ardent; zealous; hot
fervid,noun,noun: ardent; zealous; hot
fervor,noun,noun: glowing ardor; intensity of feeling; quality of being fervent or fervid; zeal
fester,verb,verb: rankle; produce irritation or resentment; (of a cut or wound) generate pus or rot
festoon,noun,noun: a curtain of fabric draped and bound at intervals to form graceful curves; an embellishment consisting of a decorative representation of a string of flowers suspended between two points; used on pottery or in architectural work
fete,noun,noun: honor at a festival; celebrate or honor with a feast
fetid,noun,noun: offensively malodorous
fiasco,noun,noun: total failure
fickle,noun,noun: changeable (in affections or friendship); faithless
fidelity,noun,noun: loyalty; accuracy
figurative,adjective,adjective: not literal but metaphorical; using a figure (impression) of speech
filial,adjective,adjective: pertaining to or befitting a son or daughter
filibuster,noun; verb,noun; verb: a delaying tactic in a legislature; to delay or block action by prolonged speech or obstruction
filigree,noun,noun: delicate ornamental lacelike metalwork
fillip,noun,noun: anything that tends to arouse
finagle,noun,noun: achieve something by means of trickery or devious methods
finagled,adjective,adjective: achieve something by means of trickery or devious methods
finesse,noun,noun: delicate skill
finicky,noun,noun: too particular; fussy; difficult to please; too concerned with unimportant details or quality
firebrand,noun,noun: piece of burning wood; hothead; troublemaker; person who stirs up trouble
fitful,adjective,adjective: spasmodic; intermittent; irregular
flag,verb,verb: droop; grow feeble; decline in vigor or strength
flagrant,adjective,"adjective: conspicuously wicked, bad, or offensive; blatant; outrageous"
flamboyant,adjective,adjective: ornate; highly elaborate; richly colored; ostentatious
fledgling,adjective,adjective: young and inexperienced
fleece,noun,noun: wool coat of a sheep
fleeting,verb,verb: lasting for a markedly brief time; move along rapidly and lightly; skim or dart
flip,verb,"verb: send (something) spinning, often into the air, by striking with a light quick blow; turn over"
flippant,adjective,adjective: lacking proper seriousness
florid,noun,noun: ruddy; (of a complexion) reddish; flowery; very ornate
flotilla,noun,noun: a United States Navy fleet consisting of two or more squadrons of small warships; a fleet of small craft
flotsam,noun,noun: drifting wreckage
flounder,noun,"noun: struggle and thrash about; proceed clumsily or falter (as in water, mud, snow, etc.); proceed in confusion"
flourish,verb,verb: grow well; prosper; make sweeping gestures; wave
flout,verb,verb: reject; mock; show contempt for; scorn
flouted,verb,verb: treat with contemptuous disregard; laugh at with contempt and derision
fluctuate,verb,verb: waver; shift; rise and fall as if in waves; change or vary irregularly
fluke,noun,noun: unlikely occurrence; stroke of fortune; accidental stroke of good luck
flummox,noun,noun: be a mystery or bewildering to
flummoxed,adjective,adjective: be a mystery or bewildering to
flush,noun,noun: redden; blush; flow suddenly and abundantly; wash out by a rapid brief flow of water
flux,noun,noun: flowing; series of changes; fluctuation
foible,adjective,adjective: small weakness of character; slight fault
foil,noun,noun: contrast; one that by contrast enhances the distinctive characteristics of another
foment,noun,noun: stir up; incite; instigate; promote the growth of (something evil or unpleasant)
fomentation,noun,noun: a substance used as a warm moist medicinal compress or poultice; application of warm wet coverings to a part of the body to relieve pain and inflammation
foolhardy,noun,noun: rash; reckless; foolishly daring
foppish,noun,noun: vain about dress and appearance
forage,noun,noun: bulky food like grass or hay for browsing or grazing horses or cattle; the act of searching for food and provisions
forbear,noun,noun: a person from whom you are descended; refrain from doing
forbearance,noun,noun: patience; forgiveness; be patient
ford,verb,verb: place where a river can be crossed on foot
foreground,noun,noun: the part of a scene that is near the viewer
foreseeable,adjective,adjective: capable of being anticipated
foreshadow,verb,verb: give an indication beforehand; be a sign of (what is coming); portend; prefigure
forestall,verb,verb: prevent by taking action in advance
forfeit,noun,noun: something surrendered as punishment for a crime or breach of contract
forlorn,adjective,adjective: sad and lonely; wretched; desolate
formidable,adjective,adjective: menacing; arousing fear; threatening; difficult to defeat
forsake,verb,verb: desert; abandon; renounce
forswear,verb,verb: renounce under oath; abandon; make a solemn promise to give up
forte,noun,noun: strong point or special talent in a person's character
forthcoming,adjective,adjective: happening in the near future; ready; willing to help
forthright,noun,noun: straightforward; direct; frank
fortify,verb,verb: make strong or stronger; enclose by or as if by a fortification
fortitude,noun,noun: bravery; courage; strength of mind
fortuitous,adjective,adjective: accidental; by chance
foster,verb,verb: rear; bring up (for a certain period only); encourage; promote the development of (feelings or ideas)
founder,verb,verb: fail completely; sink
fracas,noun,noun: brawl (noisy quarrel or fight) in which a number of people take part; melee
fractious,adjective,adjective: unruly; peevish; cranky; bad-tempered
fraternize,noun,"noun: be on friendly terms with someone, as if with a brother, especially with an enemy"
fraud,noun,noun: intentional deception resulting in injury to another person; a person who makes deceitful pretenses
frenetic,adjective,adjective: excessively agitated; distraught with fear or other violent emotion
fret,noun,noun: be annoyed or vexed
frieze,noun,noun: ornamental horizontal band on a wall
fringe,noun,noun: decorative edge of hanging threads; edge
frivolous,adjective,adjective: lacking in seriousness; flippant; self-indulgently carefree; unworthy of serious attention
froward,noun,noun: habitually disposed to disobedience and opposition
frugal,adjective,adjective: avoiding waste
frugality,noun,noun: thrift; economy; costing little
fruitful,adjective,adjective: producing results; profitable; prolific; producing in abundance
fruition,noun,noun: bearing of fruit; fulfillment; realization
frustrate,verb,verb: thwart; defeat; prevent from accomplishing a purpose
fudge,noun,"noun: soft creamy candy; tamper, with the purpose of deception"
fuliginous,adjective,"adjective: sooty, dusky, or darkened as if by smoke"
fulminate,noun,noun: thunder; explode; issue a severe denunciation
fulsome,noun,noun: disgustingly excessive; offensively flattering
funereal,adjective,adjective: sad; solemn; suitable for a funeral
fungible,noun,noun: of goods or commodities; freely exchangeable for or replaceable by another of like nature or kind in the satisfaction of an obligation; a commodity that is freely interchangeable with another in satisfying an obligation
furor,noun,noun: frenzy; great anger and excitement
furtive,adjective,adjective: stealthy; quiet and secret (trying to escape notice); sneaky
futile,adjective,adjective: useless; hopeless; ineffectual
gadfly,adverb,adverb: animal-biting fly; irritating person
gaffe,noun,noun: social blunder
gainsay,verb,"verb: deny, contradict, or speak against a statement"
gall,noun,noun: bitterness of feeling; nerve; effrontery
gallant,adjective,adjective: unflinching in battle or action; lively and spirited
galvanize,noun,noun: stimulate or shock by an electric current; stimulate by shock; shock into action; stir up
gambit,noun,noun: opening in chess in which a piece is sacrificed; action made to produce a future advantage
gambol,noun,noun: romp; skip about; leap about playfully; frolic
gamboled,adjective,adjective: play boisterously
garble,verb,verb: make false by mutilation or addition; as of a message or story
gargantuan,noun,noun: huge; enormous; gigantic
garner,verb,verb: gather; store up; amass
garrulous,adjective,adjective: loquacious; wordy; talkative
gauche,noun,noun: clumsy (in social behavior); coarse and uncouth
gaudy,noun,noun: flashy; showy
gauntlet,verb; noun,verb; noun: to offer or accept a challenge; a glove of armored leather; protects the hand
gawkishness,noun,"noun: awkward, ungainly, or socially clumsy quality"
gawky,adjective,adjective: lacking grace in movement or posture
genial,adjective,adjective: diffusing warmth and friendliness; of or relating to the chin or median part of the lower jaw
genteel,noun,noun: well-bred; elegant; striving to convey an appearance of refinement
germane,noun,noun: pertinent; bearing upon (having connection with) the case at hand; appropriate
germinate,verb,verb: cause to sprout; sprout
gerrymander,noun,noun: change voting district lines in order to favor a political party
gestation,noun,noun: the period during which an embryo develops ; the state of being pregnant; the period from conception to birth when a woman carries a developing fetus in her uterus
ghastly,adverb,adverb: horrible; terrifying; resembling ghosts
gild,verb,verb: cover with a thin layer of gold
gist,noun,noun: essence; main point; substance
glacial,adjective,adjective: like a glacier; of an ice age; extremely cold
glancing,verb,verb: throw a glance at; take a brief look at; hit at an angle
glaring,adjective,adjective: (of something bad) highly conspicuous; harshly bright; shining intensely and blindingly
glean,verb,verb: gather leavings; gather grain left behind by reapers; gather bit by bit (facts or information) often with difficulty
glib,noun,noun: fluent (with insincerity or superficiality); facile; slick
glower,verb,verb: scowl; glare; look or stare angrily
glowered,verb,"verb: look at with a fixed gaze; look angry or sullen, wrinkle one's forehead, as if to signal disapproval"
glum,noun,noun: moody and melancholic; showing a brooding ill humor
glut,noun,noun: overstock; fill beyond capacity (with food); fill to excess
gnostic,adjective,adjective: of or relating to Gnosticism; possessing intellectual or esoteric knowledge of spiritual things
goad,verb,verb: urge on; drive with a goad; cause (someone) to do something by continued annoyance
goosebumps,noun,noun: reflex erection of hairs of the skin in response to cold or emotional stress or skin irritation
gossamer,noun,noun: sheer; very light; like cobwebs
gouge,verb,verb: tear out; cut out (as if with a gouge)
gradation,noun,noun: series of gradual stages; degree in such a progression
graft,noun,noun: the practice of offering something
grandiloquence,noun,noun: high-flown style; excessive use of verbal ornamentation
grandiloquent,adjective,adjective: (of a person or speech) using high sounding or important-sounding language; pompous; bombastic
grandiose,noun,noun: affectedly grand; pretentious; high-flown; ridiculously exaggerated
grandstand,noun,noun: the audience at a stadium or racetrack; a stand at a racecourse or stadium consisting of tiers with rows of individual seats that are under a protective roof
grasping,adjective; verb,adjective; verb: greedy; eager to acquire; understanding with difficulty; taking hold of
gratify,verb,verb: please; satisfy
grating,noun,noun: unpleasantly harsh or grating in sound; a barrier that has parallel or crossed bars blocking a passage but admitting air
gratis,verb; adjective,verb; adjective: free; without charge
gratitude,noun,noun: a feeling of thankfulness and appreciation
gratuitous,adjective,adjective: given freely; unwarranted; uncalled for; done without good reason
gravitas,noun,noun: formality in bearing and appearance
gregarious,adjective,adjective: sociable; (of an animal) tending to form a group
grievous,adjective,adjective: causing fear or anxiety by threatening great harm; causing or marked by grief or anguish
grisly,adverb,adverb: ghastly; horrifying
grouse,noun,noun: complain; fuss; grumble; grouch
grovel,noun,noun: crawl or creep on ground; remain prostrate; behave in a servile manner
guffaw,noun,noun: boisterous laughter
guile,adjective,adjective: deceit; duplicity; wiliness; cunning
guileless,adjective,adjective: without deceit
gumption,noun,noun: sound practical judgment; fortitude and determination
gustatory,adjective,adjective: affecting or relating to the sense of taste
guttural,adjective,adjective: like the sounds of frogs and crows; relating to or articulated in the throat
guy,noun,noun: cable or chain attached to something that needs to be braced or steadied
hackneyed,adjective,adjective: commonplace; trite
haggard,noun,noun: wasted away; gaunt
hagiographic,adjective,"adjective: excessively admiring or idealized, especially in biography"
hail,noun,noun: frozen rain drop
halcyon,verb,verb: calm; peaceful
hallmark,noun,noun: a distinctive characteristic or attribute; a mark on an article of trade to indicate its origin and authenticity
hallow,noun,noun: render holy by means of religious rites
hallowed,adjective,adjective: blessed; consecrated
hamper,verb,verb: obstruct; prevent the free movement of
hamstrung,verb,verb: make ineffective or powerless; cripple by cutting the hamstring
handwringing,adjective,"adjective: excessive display of distress, worry, or indecision"
hankering,noun; verb,noun; verb: a yearning for something or to do something; desire strongly or persistently
haphazard,noun,noun: random; by chance; happening in an unplanned manner
hapless,adjective,adjective: unfortunate; luckless
haptic,adjective,adjective: of or relating to or proceeding from the sense of touch
harangue,noun,"noun: long, passionate, and vehement speech"
harbinger,noun,noun: forerunner (which foreshadows what is to come)
hardscrabble,noun,noun: barely satisfying a lower standard
hardy,noun,noun: (of people or animals) sturdy; robust; (of plants) able to stand inclement (stormy) weather
harmonious,adjective,adjective: musically pleasing; exhibiting equivalence or correspondence among constituents of an entity or between different entities
harried,verb,verb: troubled persistently especially with petty annoyances; annoy continually or chronically
harrow,noun; verb,noun; verb: a cultivator that pulverizes or smooths the soil; draw a harrow over
haughty,adjective,adjective: having or showing arrogant superiority to and disdain of those one views as unworthy
hauteur,noun,noun: overbearing pride evidenced by a superior manner toward inferiors
haven,verb,verb: place of safety; refuge; harbor
headlong,noun,noun: hasty; rash; headfirst
headstrong,adjective,adjective: willful; stubborn; unyielding; determined to have one's own way
hearken,noun,noun: listen; used mostly in the imperative
hector,noun,noun: be bossy towards
hectoring,adjective,adjective: be bossy towards
hedge,noun; verb,noun; verb: a fence or boundary of shrubs; a cautious or evasive statement; a protection against risk; to limit or protect against risk
hedonism,noun,noun: the pursuit of pleasure as a matter of ethical principle; an ethical system that evaluates the pursuit of pleasure as the highest good
hedonist,noun,noun: one who believes that pleasure is the sole aim in life
heed,adjective,adjective: pay attention to
hegemony,noun,noun: dominance especially of one nation over others
heinous,adjective,adjective: atrocious; wicked; hatefully bad
herald,noun,noun: messenger; sign of something to come
heretic,noun,noun: a person who holds religious beliefs in conflict with the dogma of the Roman Catholic Church; a person who holds unorthodox opinions in any field
heretical,adjective,adjective: characterized by departure from accepted beliefs or standards
hermetic,adjective,adjective: sealed by fusion so as to be airtight; airtight
heterodox,noun,noun: (of beliefs) against accepted opinion; unorthodox; unconventional
heterogeneous,adjective,adjective: dissimilar; mixed; not homogeneous; consisting of dissimilar elements or plants
hew,verb,verb: cut to pieces with ax or sword; chop
heyday,noun,noun: time of greatest success or power; prime
hiatus,verb,verb: gap; pause; gap or interruption in space or time; break
hidebound,noun,noun: stubbornly conservative and narrow-minded
hierarchical,adjective,adjective: classified according to various criteria into successive levels or layers
hierarchy,noun,noun: arrangement by rank or standing; authoritarian body divided into ranks; body of persons having authority
hinder,verb; adjective,"verb; adjective: to delay, obstruct, or make difficult; located at or toward the back"
hirsute,adjective,adjective: hairy; having a lot of hair
histrionic,adjective,adjective: theatrical; excessively dramatic or emotional; affected; of actors or acting
hoary,adjective,adjective: white with age
hobble,noun,noun: a shackle for the ankles or feet; the uneven manner of walking that results from an injured leg
hodgepodge,noun,noun: a motley assortment of things; a theory or argument made up of miscellaneous or incongruous ideas
holistic,adjective,adjective: considering something as an interconnected whole rather than isolated parts
homage,noun,noun: honor; tribute; great respect
homespun,noun,noun: domestic; made at home; spun or woven at home; simple and ordinary
homiletics,noun,noun: the branch of theology that deals with sermons and homilies; the art of preaching
homily,adverb,adverb: sermon; tedious moralizing lecture; serious warning
homogeneous,adjective,adjective: of the same kind; uniform in composition throughout
homogenous,adjective,adjective: all of the same or similar kind or nature
hoodwink,verb,verb: deceive; delude
hortatory,adjective,adjective: encouraging; exhortive; marked by exhortation
hotly,adverb,adverb: in a heated manner
hound,noun,noun: any of several breeds of dog used for hunting typically having large drooping ears; someone who is morally reprehensible
hubris,noun,noun: arrogance; excessive self-conceit
humbuggery,noun,noun: deceptive or pretentious nonsense; fraudulence
humdrum,noun,noun: dull; monotonous
husband,noun,noun: use sparingly; conserve; save
husbandry,noun,noun: frugality; thrift; economy; agriculture
hyperbole,noun,"noun: deliberate exaggeration used for emphasis, not meant literally"
iconoclast,noun,noun: a destroyer of images used in religious worship; someone who attacks cherished ideas or traditional institutions
iconoclastic,noun,noun: attacking cherished traditions; one who destroys sacred images
ideological,adjective,adjective: of or pertaining to or characteristic of an orientation that characterizes the thinking of a group or nation; concerned with or suggestive of ideas
idiosyncrasy,noun,"noun: individual trait usually odd in nature; behavioral peculiarity; eccentricity; attitude, behavior, or opinion peculiar to a person"
idolatrous,adjective,adjective: relating to or practicing idolatry; blindly or excessively devoted or adoring
idolatry,noun,noun: worship of idols; excessive admiration or devotion
idyll,noun,noun: an episode of such pastoral or romantic charm as to qualify as the subject of a poetic idyll; a musical composition that evokes rural life
idyllic,adjective,adjective: charmingly carefree; simple and happy
ignoble,adjective,adjective: unworthy; not noble; dishonorable
ignominious,adjective,adjective: shameful; disgraceful; deserving public shame
ignominy,noun,noun: deep disgrace; shame or dishonor
illiberal,adjective,adjective: narrow-minded about cherished opinions
illiberality,noun,noun: a disposition not to be liberal
illicit,adjective,"adjective: not allowed by law, rules, or accepted standards"
illusory,adjective,adjective: illusive; deceptive; not real
illustrious,adjective,adjective: widely known and esteemed; having or conferring glory
imbibe,noun,noun: drink in
imbroglio,noun,noun: complicated situation (as in a play); painful or complex misunderstanding (as in a play); entanglement; confused mass (as of papers)
imbue,noun,noun: saturate (soak thoroughly); fill
immaterial,adjective,adjective: of no importance or relevance especially to a law case; without material form or substance
imminent,adjective,adjective: impending; near at hand
immure,noun,noun: imprison; shut up in confinement
immutable,adjective,adjective: unable to be changed; fixed and permanent
impair,verb,verb: injure; hurt; damage
impartial,adjective,adjective: not biased; fair
impasse,noun,noun: predicament (dangerous condition) from which there is no escape; situation allowing for no further progress
impassive,adjective,adjective: without feeling; expressionless; imperturbable; stoical
impeccable,adjective,adjective: faultless; free from mistakes or defects
impecunious,adjective,adjective: without money
impede,verb,verb: hide; retard or obstruct the progress of; block
impeded,adjective,adjective: made difficult or slow; be a hindrance or obstacle to
impediment,noun,noun: hindrance; stumbling-block; speech defect preventing clear articulation
impending,adjective,adjective: nearing; approaching; about to happen
impenetrable,adjective,adjective: not able to be pierced or entered; beyond understanding; impossible to understand
imperative,adjective,adjective: absolutely necessary; that must be done; critically important; expressing command
imperious,adjective,adjective: domineering; too commanding; haughty
impermeable,adjective,adjective: impervious; not permitting passage through its substance; impossible to permeate
impertinent,adjective,adjective: insolent; rude; not pertinent
imperturbable,adjective,adjective: unshakably calm; placid
impervious,adjective,adjective: impenetrable; incapable of being damaged or distressed; incapable of being affected (in one's opinions)
impetuous,adjective,adjective: violent; hasty; rash; impulsive
impetus,verb,verb: moving force; momentum; force of a moving body; incentive
impiety,noun,noun: irreverence; lack of respect for God or piety
impinge,verb,verb: infringe; encroach; influence; touch
impious,adjective,"adjective: lacking respect for religion, duty, or sacred things"
implacable,adjective,adjective: incapable of being pacified; impossible to appease
implausible,adjective,adjective: unlikely (to be true); unbelievable
implicate,verb,verb: incriminate; involve incriminatingly; show to be involved (in a crime)
implication,noun,noun: something hinted at or suggested; implying; implicating
implicit,noun,noun: understood but not stated; implied; unquestioning and complete
implode,noun,noun: burst inward
imploring,adjective,adjective: begging; call upon in supplication; entreat
imponderable,adjective,adjective: weightless; that cannot undergo precise evaluation
importune,verb,verb: beg persistently; make repeated requests (in an annoying way)
importuned,verb,verb: beg persistently and urgently
imprecation,noun,noun: curse; swearword
impregnable,adjective,adjective: invulnerable; impossible to capture or enter by force
imprimatur,noun,noun: formal and explicit approval
improbable,adjective,adjective: not likely to be true or to occur or to have occurred; having a probability too low to inspire belief
impromptu,adjective,adjective: without previous preparation; off the cuff (end of a sleeve); on the spur of the moment
improvident,adjective,adjective: thriftless; not providing for the future
improvise,noun,noun: compose on the spur of the moment
imprudence,noun,noun: a lack of caution in practical affairs
imprudent,adjective,adjective: lacking caution; not prudent; injudicious
impudence,noun,noun: impertinence; insolence
impudent,adjective,adjective: marked by casual disrespect; improperly forward or bold
impugn,verb,verb: dispute or contradict (often in an insulting way); attack as false or questionable; challenge; gainsay
impunity,noun,noun: freedom from punishment or harm
impute,verb,verb: attribute; ascribe; charge
inadvertent,adjective,adjective: happening by chance or unexpectedly or unintentionally
inalienable,adjective,adjective: not to be taken away; nontransferable
inane,noun,noun: silly; senseless
inanity,noun,noun: total lack of meaning or ideas
inarticulate,adjective,adjective: speechless; producing indistinct speech; not articulate; not expressing oneself clearly
inasmuch,verb,verb: to the extent that; because or insofar as
inborn,noun,noun: present at birth but not necessarily hereditary; acquired during fetal development; normally existing at birth
incandescent,adjective,adjective: strikingly bright; shining with intense heat; emitting visible light when heated
incarnadine,verb,verb: make flesh-colored
incendiary,adjective,adjective: designed to cause fires; tending to stir up conflict
incense,verb,verb: enrage; infuriate (make furious); make extremely angry; outrage
incensed,adjective,adjective: angered at something unjust or wrong; perfume especially with a censer
incentive,noun,noun: spur; motive; something which encourages one to greater activity
incessant,adjective,adjective: uninterrupted; unceasing
inchoate,adjective,"adjective: (of desire, wish, plan) recently begun; not explicit; at the beginning of development; rudimentary"
incipient,adjective,adjective: beginning; in an early stage
incisive,adjective,adjective: (appreciatively) cutting; sharp
inclement,noun,noun: stormy; unkind; unmerciful
inclined,verb,verb: tending or leaning toward; bent; dispose
incoherent,adjective,adjective: unintelligible; muddled; unable to express one's thoughts in an orderly manner; illogical
inconclusive,adjective,adjective: not conclusive; not putting an end to doubt or question
incongruous,adjective,adjective: lacking in harmony or compatibility or appropriateness
inconsequential,adjective,adjective: insignificant; unimportant
inconstancy,noun,noun: unfaithfulness by virtue of being unreliable or treacherous; the quality of being changeable and variable
incontrovertible,adjective,adjective: indisputable; impossible to dispute; not open to question; unquestionable
incorporate,verb,verb: introduce something into a larger whole; include; embody; give material form to
incorrigible,adjective,adjective: too bad or stubborn to be corrected or reformed
incredulous,adjective,adjective: withholding belief; skeptical; showing disbelief
incubation,noun,noun: maintaining something at the most favorable temperature for its development
inculcate,noun,noun: teach (ideas or principles); instill
incumbent,adjective,adjective: obligatory; imposed as an obligation; currently holding an office
indebted,adjective,adjective: owing gratitude or recognition to another for help or favors etc; under a legal obligation to someone
indecorous,adjective,adjective: lacking propriety and good taste in manners and conduct; not in keeping with accepted standards of what is right or proper in polite society
indefatigable,adjective,adjective: tireless; untiring; showing no sign of getting tired
indeterminate,adjective,adjective: uncertain; not clearly fixed; indefinite
indict,verb,verb: to formally charge with a crime; to accuse of wrongdoing
indictment,noun,noun: a formal document written for a prosecuting attorney charging a person with some offense; an accusation of wrongdoing
indifference,noun,noun: unbiased impartial unconcern; apathy demonstrated by an absence of emotional reactions
indifferent,adjective,adjective: unmoved or unconcerned by; having no interest in; mediocre; neither good nor bad
indigence,noun,noun: extreme poverty; lack of basic resources
indigenous,adjective,adjective: native to a particular place; originating naturally in a region
indigent,adjective,adjective: poor; destitute
indignant,adjective,adjective: angered at something unjust or wrong
indignation,noun,noun: anger at an injustice
indiscriminate,adjective,adjective: choosing at random; confused; not based on careful distinctions
indispensable,adjective,adjective: not to be dispensed with; essential; absolutely necessary; vitally necessary
indolent,adjective,adjective: habitually lazy or avoiding effort
indomitable,adjective,adjective: unconquerable; unyielding
industrious,adjective,adjective: diligent; hard-working
ineffable,adjective,adjective: unutterable; not to be uttered; taboo; that cannot be expressed in speech
ineluctable,adjective,adjective: irresistible; not to be escaped; unavoidable
inept,adjective,adjective: unsuited; inappropriate; lacking skill; incompetent
inequity,noun,noun: unfairness
inerrancy,noun,"noun: freedom from error, especially in doctrine or text"
inert,adjective,adjective: inactive; lacking power to move; unable to move or act
inestimable,adjective,adjective: impossible to estimate; (apprec) invaluable; of immeasurable worth
inexorable,adjective,adjective: relentless; unyielding; implacable; not capable of being changed by entreaty or efforts
infallible,adjective,adjective: unerring; never making mistakes
infelicitous,adjective,adjective: not appropriate in application; defective; marked by or producing unhappiness
infer,noun,noun: deduce; conclude
infinitesimal,adjective,adjective: very small
inflammable,adjective,adjective: easily ignited
influx,noun,noun: flowing into
inform,verb,"verb: impart knowledge of some fact, state of affairs, or event to; give character or essence to"
ingenious,adjective,adjective: marked by inventive skill; clever; resourceful
ingenue,noun,noun: ing\'enue; young innocent girl
ingenuity,noun,noun: the power of creative imagination; the property of being ingenious
ingenuous,adjective,adjective: naive and trusting; young; unsophisticated; candid
ingrained,adjective,adjective: deeply established; firmly rooted
ingrate,noun,noun: ungrateful person (not expressing thanks)
ingratiate,verb,verb: become popular with; bring (oneself) in favor of another
inherent,adjective,adjective: firmly established by nature or habit; intrinsic
inhibit,verb,verb: restrain; prohibit; retard or prevent
inimical,adjective,adjective: (of someone) unfriendly; hostile; (of something) harmful; detrimental
inimitable,adjective,adjective: matchless; not able to be imitated
iniquity,noun,noun: morally objectionable behavior; an unjust act
inkling,adjective,adjective: hint; slight indication
innate,noun,noun: existing from birth; natural rather than learned
innervate,noun,noun: supply nerves to ; stimulate to action
innocuous,adjective,adjective: harmless; unlikely to offend or cause injury
inopportune,noun,noun: untimely; inappropriate or ill-timed; poorly chosen
inordinate,noun,noun: beyond reasonable limits; unrestrained; excessive
inquest,noun,noun: an inquiry into the cause of an unexpected death
inquisitive,adjective,adjective: eager for knowledge; unduly curious
inscrutable,adjective,adjective: difficult to understand; impenetrable; not readily understood; mysterious
insensible,adjective,adjective: unconscious; unresponsive; insensitive; unaware
insidious,adjective,adjective: treacherous; stealthy; sly; working or spreading harmfully in a stealthy manner
insinuate,verb,verb: hint; imply; suggest indirectly; creep in
insipid,adjective,adjective: lacking in flavor; lacking interest; dull
insolence,noun,noun: impudent disrespect; haughtiness
insolent,adjective,adjective: marked by casual disrespect; unrestrained by convention or propriety
insolvent,adjective,adjective: bankrupt; lacking money to pay
insouciance,noun,noun: the cheerful feeling you have when nothing is troubling you
insouciant,adjective,adjective: without concern or care; unconcerned; indifferent
insufferable,adjective,adjective: unbearably arrogant or conceited; too extreme to bear
insular,adjective,adjective: relating to or characteristic of or situated on an island; suggestive of the isolated life of an island
insurrection,noun,noun: rebellion; uprising
integrate,verb,verb: make whole; combine; make into one unit
intelligible,adjective,"adjective: capable of being apprehended or understood; well articulated or enunciated, and loud enough to be heard distinctly"
intemperance,noun,noun: the quality of being intemperate; consumption of alcoholic drinks
intensive,adjective,adjective: characterized by a high degree or intensity; often used as a combining form; tending to give force or emphasis
inter,verb,verb: to bury a dead body
interchangeable,adjective,adjective: capable of replacing or changing places with something else; permitting mutual substitution without loss of function or suitability
interdict,verb,verb: prohibit; forbid
interlocutor,noun,noun: the performer in the middle of a minstrel line who engages the others in talk; a person who takes part in a conversation
interloper,noun,noun: intruder; one who interferes
intermediary,adjective,adjective: intermediate; acting as a mediator
intermittent,adjective,adjective: periodic; on and off; stopping and starting at intervals
internecine,noun,noun: mutually destructive
interplay,noun,noun: reciprocal action and reaction
interregnum,noun,noun: period between two successive reigns or governments
intertwined,verb,"verb: spin, wind, or twist together; make lacework by knotting or looping"
intimate,verb,verb: hint; suggest; imply
intimation,noun,noun: an indirect suggestion; a slight suggestion or vague understanding
intractable,adjective,adjective: unruly; difficult to manage
intransigent,adjective,"adjective: impervious to pleas, persuasion, requests, reason"
intrepid,noun,noun: fearless and adventurous in the face of danger
intrinsic,adjective,adjective: essential; inherent; built-in
introspection,noun,noun: the contemplation of your own thoughts and desires and conduct
intrusive,adjective,adjective: tending to intrude ; of rock material; forced while molten into cracks between layers of other rock
inundate,verb,verb: flood; overflow; submerge; cover completely
inundated,adjective,adjective: covered with water; or awash
inure,verb,verb: cause to accept or become hardened to; habituate
inured,adjective,adjective: accustomed; hardened
invasive,adjective,adjective: relating to a technique in which the body is entered by puncture or incision; marked by a tendency to spread especially into healthy tissue
invective,adjective,"adjective: abusive, insulting, or highly critical language"
inveigh,adjective,adjective: denounce; utter censure or invective
inveigle,verb,verb: deceive; lead astray by deception; wheedle (cajole)
investiture,noun,noun: the ceremony of installing a new monarch; the ceremonial act of clothing someone in the insignia of an office; the formal promotion of a person to an office or rank
inveterate,noun,noun: deep-rooted; habitual
invidious,adjective,adjective: designed to create ill will or envy; tending to rouse ill will or envy
invigorate,verb,verb: heighten or intensify; give life or energy to
inviolable,adjective,"adjective: secure from corruption, attack, or violation (or profanation); unassailable"
inviolate,noun,noun: must be kept sacred
invoke,verb,verb: call and bring into use (a right or law); call on/upon (a higher power or god) for help; ask for; beg for
involute,adjective,adjective: especially of petals or leaves in bud; having margins rolled inward
involved,adjective,adjective: connected by participation or association; complicated; entangled or implicated
invulnerable,adjective,adjective: incapable of injury; impossible to damage or injure
irascible,adjective,adjective: irritable; easily angered
ire,noun,noun: a strong emotion; a feeling that is oriented toward some real or supposed grievance; belligerence aroused by a real or supposed wrong
irk,noun,noun: irritate or vex
irksome,noun,noun: annoying; tedious
ironclad,noun,noun: sheathed in iron plates for protection; inflexibly entrenched and unchangeable
ironic,adjective,adjective: expressing irony; occurring in an unexpected and contrary manner
irony,adjective; noun,adjective; noun: hidden sarcasm or satire; use of words that seem to mean the opposite of what they actually mean; use of words to convey the opposite of their literal meaning
irrefutable,adjective,adjective: indisputable; incontrovertible; undeniable
irresolute,adjective,adjective: uncertain how to act; weak; lacking in resolution; indecisive
irreverent,adjective,adjective: showing lack of due respect or veneration; characterized by a lightly pert and exuberant quality
irrevocable,adjective,adjective: unalterable; irreversible; impossible to revoke
itinerant,adjective,adjective: traveling from place to place (to perform work)
itinerary,adjective,adjective: plan of a trip; record of a trip
itinerate,verb,"verb: travel from place to place, as for work"
jargon,noun,noun: language used by special group; technical terminology; gibberish; nonsensical or incoherent talk
jaundice,noun,"noun: medical condition in which the skin, the white part of the eyes, etc. turn yellow"
jejune,noun,noun: of insufficient quantity to meet a need; displaying or suggesting a lack of maturity
jeopardize,verb,verb: endanger; imperil; put at risk
jettison,noun,noun: throw overboard (from a ship or plane)
jingoism,noun,noun: an appeal intended to arouse patriotic emotions; fanatical patriotism
jingoist,noun,noun: extremely aggressive and militant patriot; warlike chauvinist
jocose,noun,noun: given to (having a tendency of) joking
jocular,adjective,adjective: said or done in jest or playfully; marked by joking
jovial,adjective,adjective: good-natured; merry; cheerful
jubilant,adjective,adjective: joyful and proud especially because of triumph or success; full of high-spirited delight
judicious,adjective,adjective: sound on judgment; wise
juggernaut,noun,noun: irresistible crushing force; overwhelming advancing force that crushes everything in its path
juncture,noun,noun: crisis; point in time; joining point; joint
junta,noun,noun: group of persons joined in political intrigue; cabal; group of military officers ruling a country after seizing power (by force)
juvenescence,noun,noun: the process of growing into a youth
juxtapose,verb,verb: place side by side
keen,adjective,adjective: having or demonstrating ability to recognize or draw fine distinctions; intense or sharp
kindle,verb,verb: start a fire; ignite; inspire; arouse
kindred,adjective,adjective: related; belonging to the same group; similar in nature or character
kinetic,adjective,adjective: producing motion; of motion
kismet,noun,noun: fate; destiny
knell,noun,"noun: tolling of a bell especially to indicate a funeral, disaster, etc.; sound of the funeral bell"
kowtow,noun,noun: a former Chinese custom of touching the ground with the forehead as a sign of respect or submission; bend the knees and bow in a servile manner
kudos,noun,noun: honor; glory; acclaim or praise for exceptional achievement
labile,adjective,adjective: likely to change; unstable
laborious,adjective,adjective: demanding much work or care; tedious
lacerate,adjective,adjective: irregularly slashed and jagged as if torn; having edges that are jagged from injury
lachrymose,noun,noun: producing tears; tearful
lackadaisical,adjective,adjective: lacking interest or effort; lacking purpose or zest; lazy; halfhearted
lackluster,adjective,adjective: lacking luster ; gloss; dull
laconic,adjective,adjective: brief and to the point; using few words; terse
lambast,noun,noun: beat with a cane; censure severely or angrily
lambaste,noun,noun: beat with a cane; censure severely or angrily
lament,verb,verb: grieve; express sorrow
lampoon,verb,verb: ridicule publicly through satire or mockery
landmark,noun,noun: the position of a prominent or well-known object in a particular landscape; an event marking a unique or important historical change of course or one on which important developments depend
languid,adjective,adjective: lacking energy or vitality; weary; sluggish; listless
languish,noun,noun: lose animation or strength
languorous,adjective,adjective: lacking spirit or liveliness
lapidary,adjective; noun,adjective; noun: of or relating to precious stones or the art of working with them; an expert on precious stones and the art of cutting and engraving them
larceny,noun,noun: theft; the unlawful taking of another person’s property
largess,noun,noun: generous gift (given to people who do not have enough)
largess or largesse,noun,"noun: generous giving of money, gifts, or favors"
largesse,noun,noun: a gift or money given ; liberality in bestowing gifts; extremely liberal and generous of spirit
lascivious,adjective,adjective: showing offensive or excessive sexual desire
lassitude,noun,noun: languor; weariness; listlessness
latent,adjective,adjective: present but not yet noticeable or active; dormant; hidden
laud,verb,verb: to praise highly
laudable,adjective,adjective: worthy of high praise
lavish,noun,noun: liberal; wasteful; generous or wasteful in giving or using; abundant
lax,adjective,adjective: careless; negligent; not paying enough attention
layperson,noun,noun: someone who is not a clergyman or a professional person
leery,noun,noun: (of someone) suspicious; wary; cautious
legerdemain,noun,noun: sleight (dexterity) of hand
lenient,adjective,adjective: tolerant or lenient; not strict
lethargic,adjective,adjective: drowsy; dull
levee,noun,noun: earthen or stone embankment to prevent flooding
levity,noun,noun: lack of seriousness or steadiness; frivolity; lightness of manner
levy,noun,noun: impose (a fine); collect (a payment); impose or collect (a tax)
lexicography,noun,noun: the act of writing dictionaries
liability,noun,noun: drawback; handicap; debts; obligation
liberal,adjective,adjective: showing or characterized by broad-mindedness; having political or social views favoring reform and progress
liberate,verb; adjective,verb; adjective: give equal rights to; of women and minorities; grant freedom to; free from confinement
libertine,noun,noun: debauched person; dissolute or licentious person; rou\'e
licentious,adjective,adjective: amoral; lewd and lascivious; unrestrained
likewise,noun,noun: in like or similar manner; in addition
limn,verb,verb: draw; outline; describe
limpid,noun,noun: crystal clear
lionize,verb,verb: treat (a person) as a celebrity
lionized,adjective,adjective: assign great social importance to
lissome,noun,noun: gracefully thin and bending and moving with ease
list,noun,noun: tilt (as of a ship); lean over (to one side)
listless,adjective,adjective: lacking in spirit or energy; languid
litany,noun,noun: supplicatory prayer; prayer in which the priest calls out and the people replies in the same words
litigation,noun,noun: a lawsuit or legal proceeding; the process of taking a dispute to court
livid,noun,noun: lead-colored; black and blue (as from a bruise); ashen; enraged
loath,noun,noun: reluctant; unwilling; disinclined
loathe,verb,verb: detest; offensive
log,noun,noun: record of a voyage or flight; record of day-to-day activities; section of a trunk
logorrhea,noun,noun: pathologically excessive
loquacious,adjective,adjective: talkative
lovelorn,noun,noun: unhappy in love; suffering from unrequited love
lubricious,adjective,adjective: having a smooth or slippery quality; characterized by lust
lucid,noun,noun: easily understood; clear; intelligible
lucrative,adjective,adjective: profitable; producing wealth
lucre,noun,noun: money; profit
luculent,adjective,adjective: clear; easily understood; lucid
ludicrous,adjective,adjective: laughable; ridiculous; trifling
lugubrious,adjective,adjective: mournful; sorrowful
lull,noun,noun: moment of calm; period of reduced activity
lumber,verb,verb: move heavily or clumsily
luminary,adjective,adjective: celebrity (in a specific field); dignitary; object that gives light (as a celestial body)
luminous,adjective,adjective: shining (esp. in the dark); issuing light
lurid,noun,noun: wild; sensational; graphic; gruesome
macabre,noun,noun: gruesome; grisly; ghastly
macerate,noun,noun: soften by soaking in liquid; waste away
machinate,verb,"verb: arrange by systematic planning and united effort; engage in plotting or enter into a conspiracy, swear together"
machination,noun,"noun: a crafty plot or scheme, usually for a sinister purpose"
machinations,noun,"noun: crafty plots or schemes, especially for selfish or evil ends"
maculate,noun,noun: morally blemished; stained or impure; spotted or blotched
maelstrom,noun,noun: violent whirlpool; violent or tublent situation
magisterial,adjective,adjective: authoritative; imperious; commanding; of a magistrate
magnanimity,noun,noun: generosity
magnanimous,adjective,"adjective: generous and forgiving, especially toward a weaker rival"
magnate,noun,noun: person of prominence or influence; powerful or influential person (in business or industry)
maintain,verb,verb: to keep in a particular state; to continue; to support; to preserve from harm or loss
makeshift,noun,noun: temporary expedient or substitute (in the case of urgent need)
maladroit,adjective,adjective: clumsy; not skillful; awkward; bungling
malady,noun,"noun: an illness, disorder, or deep-seated problem"
malapropism,noun,noun: comic misuse of a word
malediction,noun,noun: a curse or spoken wish for harm
malevolent,adjective,adjective: wishing evil; exhibiting ill will
malfeasance,noun,noun: wrongdoing; misconduct (by a public official)
malice,adjective; noun,adjective; noun: feeling a need to see others suffer; the quality of threatening evil
malign,verb,verb: speak evil of; bad-mouth (criticize spitefully); defame
malinger,verb,verb: to avoid work or duty by pretending to be ill
malingerer,noun,noun: one who feigns illness to escape duty
malleable,adjective,adjective: (of a metal) capable of being shaped by pounding (beating); pliable; (of someone) impressionable (easily influenced); easily controlled
malodorous,adjective,adjective: having a very unpleasant or foul smell
manacle,verb,verb: restrain; handcuff
mandate,verb,verb: order; charge; authoritative command; power to govern another country
manifest,adjective,adjective: evident; visible; obvious
manifold,noun,noun: many in number or kind; numerous; varied
mannered,adjective,adjective: affected; not natural
mar,adjective,adjective: spoil the appearance of
marginal,adjective,adjective: of a margin; barely within a limit
marginalize,noun,"noun: relegate to a lower or outer edge, as of specific groups of people"
marshal,verb,verb: put in order; guide ceremoniously to the correct place
martial,adjective,adjective: warlike; of war
martinet,noun,noun: strict disciplinarian; person who demands total obedience to rules and orders
matriarch,noun,noun: woman who rules a family or larger social group
maudlin,noun,noun: effusively sentimental
maunder,verb,verb: wander aimlessly; talk indistinctly; usually in a low voice
maverick,noun,noun: rebel; nonconformist (in a group)
mawkish,noun,noun: mushy (sentimental) and gushy; icky-sticky sentimental; excessively and objectionably sentimental
maxim,noun,noun: proverb; truth pithily stated
meager,noun,noun: scanty; inadequate
meander,verb,verb: wind or turn in its course; follow a winding or turning course; move aimlessly and idly
meddle,noun,noun: intrude in other people's affairs or business; interfere unwantedly
melancholy,adverb,adverb: gloomy; morose; blue
melange,noun,noun: a motley assortment of things
meld,noun,noun: a form of rummy using two decks of cards and four jokers; jokers and deuces are wild; the object is to form groups of the same rank; announce for a score
melee,noun,noun: a confused fight or noisy struggle involving many people
mellifluous,adjective,adjective: (of words or a voice) sweetly or smoothly flowing; melodious; having a pleasant tune
melodramatic,adjective,adjective: having the excitement and emotional appeal of melodrama; characteristic of acting or a stage performance; often affected
membrane,noun,noun: a thin pliable sheet of material; a pliable sheet of tissue that covers or lines or connects the organs or cells of animals or plants
mendacious,adjective,adjective: lying; habitually dishonest
mendacity,noun,noun: the tendency to be untruthful
mendicant,noun,"noun: a beggar, especially one who lives by asking for alms"
menial,verb,verb: suitable for servants; lowly; mean
mephitic,adjective,adjective: of noxious stench from atmospheric pollution
mercenary,adjective,adjective: motivated solely by money or gain
mercurial,adjective,adjective: capricious; quick and changing; fickle; containing the element mercury
meretricious,adjective,adjective: flashy; tawdry; attractive on the surface but of no real value
meritocracy,noun,noun: a form of social system in which power goes to those with superior intellects; the belief that rulers should be chosen for their superior abilities and not because of their wealth or birth
mesmerize,noun,noun: hypnotize
metamorphose,noun,noun: change completely the nature or appearance of; change in outward structure or looks
metamorphosis,noun,noun: change of form
metaphorical,adjective,adjective: expressing one thing in terms normally denoting another
metaphysical,adjective,adjective: pertaining to speculative philosophy; of metaphysics
meteoric,adjective,adjective: like a meteor; swift; momentarily brilliant
meterological,adjective,adjective: relating to weather or atmospheric phenomena; meteorological
meticulous,adjective,adjective: excessively careful (with great attention to detail); painstaking; scrupulous
mettle,noun,noun: courage (to continue bravely in spite of difficulties); spirit
mettlesome,adjective,adjective: having a proud and unbroken spirit; willing to face danger
miasma,noun,noun: swamp gas; heavy vaporous atmosphere often emanating from decaying matter; pervasive corrupting influence; noxious atmosphere or influence
microcosm,noun,noun: small representative world; world in miniature
milieu,noun,noun: social environment; means of expression
militate,noun,noun: work against
milk,noun,noun: a white nutritious liquid secreted by mammals and used as food by human beings; produced by mammary glands of female mammals for feeding their young
milquetoast,noun,noun: a timid man or boy considered childish or unassertive
mimetic,adjective,adjective: characterized by or of the nature of or using mimesis; exhibiting mimicry
mimic,noun,noun: constituting an imitation; someone who mimics
minatory,adjective,adjective: menacing; threatening
mince,verb,verb: food chopped into small bits; make less severe or harsh
minion,noun,noun: servile dependent; obsequious follower
minute,noun,noun: extremely small
mired,adjective; verb,adjective; verb: stuck or entangled in a difficult situation; trapped as if in mud
mirth,noun,noun: merriment; laughter
misanthrope,noun,noun: one who hates mankind; misanthropist
misanthrope or misanthropist,noun,noun: a person who dislikes or distrusts humankind
misanthropic,adjective,adjective: hating or distrusting humankind; marked by cynicism about human motives
misappropriate,noun,noun: appropriate
misattribute,noun,"noun: assign to the wrong source, cause, or author"
misconstrue,noun,noun: interpret incorrectly; misinterpret; misjudge
miscreant,adjective,adjective: wretch; wrongdoer; villain
miser,noun,noun: a stingy hoarder of money and possessions
miserly,adverb; verb,adverb; verb: stingy; mean
misnomer,noun,noun: wrong or improper name; incorrect designation
misogynist,noun,noun: hater of woman
missive,adjective,adjective: letter; written statement
mitigate,verb,verb: appease; moderate; make or become less in force or intensity
modest,adjective,adjective: marked by simplicity; having a humble opinion of yourself; not large but sufficient in size or amount
modicum,noun,noun: limited quantity; small amount
modish,noun,noun: fashionable; conforming to the current fashion
mollify,verb,verb: soothe an angry person
molt,verb,"verb: periodic shedding of the cuticle in arthropods or the outer skin in reptiles; cast off hair, skin, horn, or feathers"
moment,noun,noun: a particular point in time; an indefinitely short time
momentary,adjective,adjective: lasting for a markedly brief time
monastic,adjective,adjective: related to monks or monasteries; removed from worldly concerns
monotonous,adjective,adjective: tediously repetitious or lacking in variety; sounded or spoken in a tone unvarying in pitch
monotony,noun,noun: sameness leading to boredom; monotonousness
moot,noun,noun: of no legal significance ; open to argument or debate
morass,noun,noun: a soft wet area of low-lying land that sinks underfoot
moratorium,noun,noun: legal delay of payment or action
morbid,noun,noun: given to unwholesome or unhealthy thought; moody; characteristic of disease
mordant,adjective,adjective: biting; sarcastic; stinging; (apprec.) incisive
moreover,noun,noun: in addition
mores,noun,noun: conventions; moral standards; moral customs
moribund,noun,noun: dying; at the point of death
morose,noun,noun: ill-humored; sullen; sullenly melancholy
morph,verb,verb: cause to change shape in a computer animation; change shape as via computer animation
motile,noun,noun: one whose prevailing mental imagery takes the form of inner feelings of action
motley,noun,noun: multi-colored (as of a garment worn by a jester); mixed; heterogeneous
mulct,noun,noun: defraud a person of something; swindle
multifaceted,adjective,adjective: having many aspects or qualities
multifarious,adjective,adjective: varied; greatly diversified
mundane,noun,noun: worldly as opposed to spiritual; everyday; of the ordinary
munificence,noun,noun: liberality in bestowing gifts; extremely liberal and generous of spirit
munificent,adjective,adjective: very generous in giving
muted,adjective,adjective: silent; muffled; toned down
myopic,adjective,adjective: nearsighted; lacking foresight
myriad,noun,noun: very large number
nadir,noun,noun: lowest point; point on the celestial sphere diametrically opposite the zenith
naive,adjective,adjective: marked by or showing unaffected simplicity and lack of guile or worldly experience; of or created by one without formal training; simple or naive in style
naivete,noun,noun: lack of sophistication or worldliness
narcissist,noun,noun: conceited person
nascent,adjective,adjective: incipient; coming into being or existence
natty,noun,noun: neatly or smartly dressed; dapper; smart
naïve,adjective,adjective: innocently unsophisticated; lacking worldly experience or critical judgment
nebulous,adjective,adjective: vague; hazy; cloudy; of a nebula
nefarious,adjective,adjective: very wicked
negate,verb,verb: cancel out; nullify; cause to have no effect; deny
neglect,noun,noun: lack of attention and due care; the state of something that has been unused and neglected
negligent,adjective,adjective: characterized by neglect and undue lack of concern
negligible,adjective,"adjective: so small, trifling, or unimportant as to be easily disregarded"
neologism,noun,noun: new or newly coined word or phrase
neophyte,noun,noun: recent convert; new member of a religious group; beginner
nepotism,noun,noun: favoritism (to a relative)
net,noun,noun: remaining after all deductions; conclusive in a process or progression
nettle,verb,verb: irritate; annoy; vex
nettlesome,noun,noun: causing irritation or annoyance; easily irritated or annoyed
neutralize,verb,verb: make politically neutral and thus inoffensive; make ineffective by counterbalancing the effect of
nevertheless or nonetheless,adjective,adjective: in spite of that; even so
newfangled,adjective,"adjective: newly made or fashionable; novel, often excessively so"
nexus,noun,"noun: a connection, link, or central point of relationship"
nice,noun,noun: pleasant or pleasing or agreeable in nature or appearance; socially or conventionally correct; refined or virtuous
nihilism,noun,noun: a revolutionary doctrine that advocates destruction of the social system for its own sake; the delusion that things
noble,noun,noun: impressive in appearance; of or belonging to or constituting the hereditary aristocracy especially as derived from feudal times
noisome,noun,noun: foul smelling; very unpleasant; unwholesome
nominal,adjective,adjective: in name only; of a name; trifling; (of a sum of money) very small
non sequitur,noun,noun: a conclusion or remark that does not logically follow
nonchalant,adjective,adjective: marked by blithe unconcern
nondescript,noun,noun: undistinctive; ordinary; ordinary-looking
nonpareil,noun,noun: eminent beyond or above comparison; model of excellence or perfection of a kind; one having no equal
nonplussed,adjective,adjective: filled with bewilderment; be a mystery or bewildering to
nontrivial,adjective,"adjective: significant, meaningful, or not easily dismissed as simple"
normative,adjective,adjective: relating to or dealing with norms; pertaining to giving directives or rules
nostalgia,noun,noun: homesickness; longing for the past
nostrum,noun,noun: questionable medicine; quack medicine
notoriety,noun,noun: disrepute; ill fame
notorious,adjective,adjective: known widely and usually unfavorably
novel,noun,noun: original and of a kind not seen before; pleasantly new or different
novitiate,noun,noun: the period during which you are a novice ; someone who has entered a religious order but has not taken final vows
noxious,adjective,adjective: harmful; poisonous; injurious to health or morals
nuance,noun,noun: shade of slight difference in meaning or color; subtle distinction
nugatory,adjective,adjective: worthless; futile
nullify,verb,verb: make invalid; make null; invalidate
numinous,adjective,adjective: evincing the presence of a deity; of or relating to or characteristic of a numen
numismatic,adjective,"adjective: relating to coins, currency, or their study"
obdurate,adjective,adjective: stubborn; refusing to change one's belief
obeisance,noun,noun: bow (to show respect and obedience)
obfuscate,verb,verb: confuse; muddle; cause confusion; make needlessly complex
obfuscated,verb,verb: make obscure or unclear
objectionable,adjective,adjective: causing disapproval or protest; liable to objection or debate; used of something one might take exception to
objective,adjective,adjective: not influenced by emotions; fair
objurgate,verb,verb: express strong disapproval of; censure severely
objurgation,noun,noun: rebuking a person harshly
obliging,verb,verb: showing a cheerful willingness to do favors for others; force somebody to do something
oblique,noun,noun: indirect; slanting (deviating from the perpendicular or from a straight line)
oblivious,adjective,adjective: inattentive or unmindful; unaware; wholly absorbed; forgetful (having the habit of forgetting)
obloquy,noun,noun: slander; disgrace; infamy
obscure,adjective,adjective: dark; vague; unclear; not well known
obsequious,adjective,adjective: slavishly attentive; servile; full of servile compliance; sycophantic
obsolete,noun,noun: outmoded; no longer used
obstinate,adjective,adjective: stubborn; hard to control or treat
obstreperous,adjective,adjective: boisterous; noisy and uncontrollable
obstructionist,noun,noun: someone who systematically obstructs some action that others want to take
obtain,noun,noun: come into possession of; receive a specified treatment
obtrusive,adjective,adjective: sticking out; protruding; undesirably noticeable
obtuse,adjective,adjective: blunt; not sharp; stupid; slow in understanding
obviate,verb,verb: make unnecessary; get rid of
occlude,verb,verb: shut; close; obstruct
occluded,adjective,adjective: closed off
occult,noun,noun: mysterious; secret; supernatural; beyond human comprehension
odious,adjective,adjective: arousing strong dislike; hateful (causing hatred); vile
offhand,noun,noun: casual; done without prior thought or preparation
officious,adjective,adjective: meddlesome; excessively pushy in offering one'services; overly eager in offering unwanted services or advices
offset,noun,noun: the time at which something is supposed to begin; a compensating equivalent
ogle,verb,verb: look at amorously; make eyes at
olfactory,adjective,adjective: concerning the sense of smell
ominous,adjective,adjective: threatening; of an evil omen
omission,noun,noun: a mistake resulting from neglect; something that has been omitted
omnipresent,adjective,adjective: universally present; ubiquitous
omniscience,noun; adjective,noun; adjective: the state of being omniscient; having infinite knowledge
omniscient,adjective,adjective: knowing everything; having unlimited knowledge
onerous,adjective,"adjective: burdensome, oppressive, or difficult to bear"
onus,verb,verb: burden; responsibility
opaque,adjective,adjective: dark; not transparent
openhanded,adjective,adjective: given or giving freely
opine,verb,"verb: express one's opinion openly and without fear or hesitation; expect, believe, or suppose"
opportune,noun,noun: timely; well-chosen
opportunism,noun,noun: taking advantage of opportunities without regard for the consequences for others
opprobrium,noun,noun: infamy; disgrace arising from shameful conduct; vilification (slander); scorn
optimal,adjective,adjective: most desirable possible under a restriction expressed or implied
optimum,noun,noun: most favorable; optimal
opulence,noun,noun: extreme wealth; luxuriousness; abundance
opulent,adjective,adjective: ostentatiously rich and superior in quality
oration,noun,noun: an instance of oratory
ornate,noun,noun: excessively or elaborately decorated
ornery,adjective,adjective: having a difficult and contrary disposition
orotund,noun,noun: full and imposing in voice; pompous or inflated in style
orthodox,noun,noun: traditional; (of someone) conservative in belief; adhering to an established doctrine
oscillate,noun,noun: vibrate pendulumlike; waver
oscillation,noun,noun: the process of oscillating between states
ossified,verb,"verb: set in a rigidly conventional pattern of behavior, habits, or beliefs; become bony"
ossify,verb,verb: change or harden into bone; become hard and unchanging in one's ideas
ostensible,adjective,adjective: apparent; appearing as such; professed (pretended); pretended
ostensible or ostensive,adjective,adjective: apparent or professed rather than necessarily real; outwardly shown
ostentatious,adjective,adjective: showy; trying to attract attention; pretentious
ostracism,noun,noun: the state of being banished or ostracized ; the act of excluding someone from society by general consent
ostracize,verb,verb: banish from a group; exclude from public favor; ban
ostracized,verb,verb: expel from a community or group; avoid speaking to or dealing with
otiose,adjective,adjective: serving no useful purpose; having no excuse for being; producing no result or effect
oust,verb,verb: expel; drive out; force out
outmoded,adjective,adjective: no longer in fashion or use; no longer stylish; old-fashioned
outstrip,noun,noun: outrun; surpass; outdo
overshadow,verb,verb: be greater in significance than; make appear small by comparison
overt,adjective,adjective: open to view; public; not secret
overweening,adjective,adjective: arrogant; presumptuous
overwrought,noun,noun: nervous or excited; extremely agitated; hysterical; wrought-up
pacific,adjective,adjective: relating to or bordering the Pacific Ocean; disposed to peace or of a peaceful nature
pacify,verb,verb: soothe; make calm or quiet; subdue; bring peace to
paean,noun,noun: song of praise or joy
painstaking,adjective,adjective: taking pains; showing hard work; taking great care; very careful and through
palatable,adjective,adjective: agreeable; pleasing to the taste
palatial,adjective,adjective: of or suitable for a palace; magnificent
palaver,noun,noun: flattery intended to persuade; loud and confused and empty talk
palimpsest,noun,noun: parchment or piece of writing material used for second time after original writing has been erased
pall,verb,verb: become boring; grow tiresome
palliate,verb,verb: ease pain (without curing); make less severe or offensive (a crime or illness)
pallid,noun,noun: pale; wan
palpable,adjective,adjective: tangible; (of something bad) easily perceptible; obvious
panacea,noun,noun: cure-all; remedy for all diseases
panache,noun,noun: flair; manner of doing things without any difficulty (causing admiration); flamboyance; bunch of feathers (on a helmet)
pandemic,adjective,adjective: widespread; affecting the majority of people
pander,noun,noun: cater to (the low desires of others)
panegyric,adjective,adjective: formal praise; encomium
pangs,noun,noun: a sudden sharp feeling; a mental pain or distress
panned,verb,verb: make a sweeping movement; wash dirt in a pan to separate out the precious minerals
panoply,noun,noun: a complete and impressive array
paradigm,noun,noun: model; example that serves as a model; pattern; list of all the inflectional forms of a word
paradigmatic,adjective,adjective: serving as a clear model or typical example
paradox,noun,noun: something apparently contradictory in nature (that may nonetheless be true); statement that looks false but is actually correct
paradoxical,adjective,adjective: seemingly contradictory but nonetheless possibly true
paragon,noun,noun: model of perfection
pare,verb,verb: cut away the outer covering or skin of (with a knife); trim
parenthetical,noun,noun: qualifying or explaining; placed or as if placed in parentheses; an expression in parentheses
pariah,noun,noun: social outcast
parley,noun,noun: conference (between opponents)
parochial,adjective,adjective: narrow in scope or outlook; provincial; related to parishes
parody,noun,noun: humorous imitation; spoof; takeoff; travesty
paroxysm,noun,"noun: fit or attack of pain, laughter, rage; sudden outburst"
parry,noun,noun: ward off a blow; deflect
parsimonious,adjective,adjective: excessively unwilling to spend
partial,adjective,adjective: incomplete; favoring one side over another; having a liking for something
partiality,noun; adjective,noun; adjective: state of being partial; inclination; favorable bias; special fondness
partisan,noun,noun: one-sided; prejudiced; committed to a party (with dislike of any others)
parvenu,noun,noun: upstart; newly rich person
pastiche,noun,noun: imitation of another's s style in musical composition or in writing; work of art openly imitating the works of other artists
pastoral,adjective,adjective: rural; of rural life; idyllic; of a pastor
patent,adjective,adjective: obvious; easily seen; open for the public to read; of or protected by a patent
pathogenic,adjective,adjective: able to cause disease
pathological,adjective,adjective: pertaining to disease
pathos,noun,noun: tender sorrow; pity; quality in art or literature that produces these feelings
patois,noun,noun: local or provincial dialect
patriarch,noun,noun: father and ruler of a family or tribe
patronize,verb; noun,verb; noun: support; act superior toward; treat in a condescending manner; be a customer of
patronizing,adjective,adjective: assume sponsorship of
paucity,noun,noun: scarcity; dearth
peccadillo,noun,noun: slight offense or fault
peculiar,adjective,adjective: beyond or deviating from the usual or expected; unique or specific to a person or thing or category
pecuniary,adjective,adjective: pertaining to money
pedagogical,adjective,adjective: of or relating to pedagogy
pedagogy,noun,noun: teaching; art of education
pedant,adjective,"adjective: scholar who overemphasizes book learning, trivial details of learning, or technicalities"
pedantic,adjective,adjective: bookish; showing off learning; marked by an excessive ostentatious concern for book learning
peddle,verb,verb: travel about selling (wares)
pedestrian,noun,noun: ordinary; dull; unimaginative (lacking in imagination); going on foot
peevish,noun,noun: bad-tempered; irritable
pejorative,adjective,adjective: (of a word or phrase) suggesting that someone is of little value; negative in connotation; having a belittling effect
pellucid,noun,noun: transparent; limpid (crystal clear); clear in meaning; easy to understand
penchant,adjective,adjective: strong inclination; strong liking (esp. for something that is disapproved of by other people)
pendulous,adjective,adjective: hanging; suspended
penitent,adjective,adjective: repentant
pensive,adjective,adjective: dreamily or deeply thoughtful; sadly thoughtful; thoughtful with a hint of sadness; contemplative
penultimate,noun,noun: second last; the next to last syllable in a word
penumbra,noun,noun: partial shadow (in an eclipse)
penurious,adjective,adjective: not having enough money to pay for necessities; excessively unwilling to spend
penury,noun,noun: extreme poverty; stinginess; stingy
peons,noun,noun: a laborer who is obliged to do menial work
per se,noun,"noun: in itself; intrinsically, apart from surrounding factors"
percipient,adjective,"adjective: having keen perception, insight, or understanding"
peregrinate,verb,"verb: travel around, through, or over, especially on foot"
peregrination,noun,"noun: a journey, especially a long or wandering one"
peremptory,adjective,adjective: demanding and leaving no choice; imperative
perennial,noun,noun: something long-lasting; perennial plant
perfidious,adjective,adjective: treacherous; disloyal
perfidy,noun,noun: betrayal of a trust; an act of deliberate betrayal
perfunctory,adjective,"adjective: done routinely and with little care; superficial; not thorough; lacking interest, care, or enthusiasm"
perigee,noun,noun: point of moon's orbit when it is nearest the earth
perilous,adjective,adjective: fraught with danger
peripatetic,adjective,adjective: walking about from place to place (to work); moving
peripheral,adjective,adjective: of a periphery; marginal; outer; of minor importance
perjury,noun,noun: false testimony while under oath
permeate,verb,verb: spread or diffuse through; pass through
permeated,verb,verb: spread or diffuse through; pass through
permutation,noun,noun: an event in which one thing is substituted for another; the act of changing the arrangement of a given number of elements
pernicious,adjective,adjective: very harmful; deadly; very destructive
peroration,verb,verb: conclusion of an oration; perorating; speak at great length
perpetrate,noun,noun: commit an offense; do (something wrong)
perpetuate,verb,verb: make perpetual; make something last for a long time; preserve from extinction
perquisite,noun,noun: an incidental benefit awarded for certain types of employment ; a right reserved exclusively by a particular person or group
perquisites,noun,noun: an incidental benefit awarded for certain types of employment ; a right reserved exclusively by a particular person or group
perseverance,noun,noun: persistent determination; the act of persisting or persevering; continuing or repeating behavior
personable,adjective,adjective: attractive (in personality or appearance)
personified,verb,"verb: invest with or as with a body; give body to; represent, as of a character on stage"
perspicacious,adjective,adjective: (of someone) having insight; penetrating; astute
perspicacity,noun,noun: intelligence manifested by being astute ; the capacity to assess situations or circumstances shrewdly and to draw sound conclusions
pertinacious,adjective,adjective: holding tenaciously to an action; stubborn; persistent
pertinent,verb,verb: suitable; to the point; relevant
perturb,verb,verb: disturb greatly
peruse,noun,noun: read through with care
pervasive,verb,verb: spread throughout; charge; permeate
perverse,noun,noun: purposely continuing to do something wrong; stubbornly wrongheaded; perverted; directed away from what is right
petrous,adjective,adjective: stony; hard like rock; relating to the dense part of the temporal bone
petulant,adjective,adjective: touchy; peevish; ill-tempered
phalanx,noun,noun: formation of infantry carrying overlapping shields and long spears; group of men packed together (for attack or defense)
phantasmagorical,adjective,adjective: characterized by fantastic imagery and incongruous juxtapositions
phenomena,noun,"noun: observable facts; subjects of scientific investigation; SG. phenomenon: observable fact; very unusual person, thing, or event"
philander,verb,"verb: have amorous affairs; of men; talk or behave amorously, without serious intentions"
philanthropist,noun,noun: lover of mankind; doer of good
philanthropy,noun,noun: voluntary promotion of human welfare
philistine,noun,"noun: narrow-minded person, uncultured and exclusively interested in material gain; uncultured person who is indifferent to artistic and cultural values; member of an ancient people in Palestine; OP. aesthete"
phlegmatic,verb; adjective,verb; adjective: calm and unexcitable; not easily disturbed
phony,adjective; noun,adjective; noun: fraudulent; having a misleading appearance; a person who professes beliefs and opinions that he or she does not hold in order to conceal his or her real feelings or motives
physiological,adjective,adjective: pertaining to the science of the function of living organisms
picaresque,noun,noun: involving clever rogues or adventurers especially as in a type of fiction
picayune,noun,noun: or small
picturesque,noun,noun: suggesting or suitable for a picture; pretty as a picture; strikingly expressive
piebald,noun,noun: of different colors; mottled; spotted in different colors (esp. in black and white)
pied,adjective,adjective: piebald; variegated (many-colored); multicolored
pilfer,noun,noun: steal things of small value; filch; snitch
pillory,adjective,adjective: punish by placing in a wooden frame or pillory; subject or expose to criticism and ridicule
pine,noun,noun: long for; yearn; languish from longing or grief; decline
pinnacle,noun,noun: peak; highest point; acme
pioneering,verb,verb: open up an area or prepare a way; take the lead or initiative in; participate in the development of
pious,adjective,adjective: devout; religious
piquant,adjective,adjective: pleasantly tart-tasting; spicy; pleasantly stimulating
pique,noun,noun: irritation; resentment from wounded pride (eg. loss in a contest)
pitfall,adjective,adjective: hidden danger; concealed trap
pith,noun,noun: core or marrow; spongelike substance in the center of stems; essence; substance
pithy,noun,noun: concise and meaningful; substantial; meaty
pittance,noun,noun: small amount (of money); small allowance or wage
pivotal,adjective,adjective: of a pivot; central; critical; crucial
placate,verb,verb: pacify; bring peace to; conciliate; appease
placebo,noun,noun: harmless substance prescribed as a dummy pill
placid,verb,verb: peaceful; calm
plaintive,adjective,adjective: expressing sorrow; mournful
plangent,adjective,adjective: loud and resounding
plastic,adjective,adjective: capable of being molded or modeled ; capable of being influenced or formed
plasticity,noun,noun: ability to be molded
platitude,noun,noun: trite remark; commonplace statement
platonic,adjective,adjective: purely spiritual; theoretical; without sensual desire
plaudits,noun,noun: enthusiastic approval; enthusiastic approval
plausible,adjective,adjective: conceivably true; having a show of truth but open to doubt; specious
plebeian,noun,noun: common; vulgar; pertaining to the common people
plebian,noun,"noun: common, vulgar, or belonging to ordinary people; plebeian"
plenipotentiary,noun,noun: a diplomat who is fully authorized to represent his or her government
plethora,noun,noun: excess; overabundance
pliant,adjective,adjective: flexible; easily influenced
plod,noun,"noun: the act of walking with a slow heavy gait; walk heavily and firmly, as when weary, or through mud"
plodding,adjective,adjective: hard monotonous routine work
ploy,noun,noun: strategem to gain an advantage; tactic
pluck,noun,noun: spirited courage and determination in difficulty
plucky,adjective,adjective: marked by courage and determination in the face of difficulties or danger; robust and uninhibited; showing courage
plumb,noun,noun: exactly vertical
plummet,noun,noun: fall sharply; fall straight down
plutocracy,noun,noun: society ruled by the wealthy
poignant,adjective,adjective: arousing affect; keenly distressing to the mind or feelings
polarize,noun,noun: split into opposite extremes or camps
polarized,verb,verb: cause to vibrate in a definite pattern; cause to concentrate about two conflicting or contrasting positions
polemic,verb,verb: attack or defense of an opinion; controversy or refutation; argument in support of point of view
polemical,adjective,adjective: of or involving dispute or controversy
politesse,noun,noun: courtesy towards women
politic,adjective,adjective: prudent; judicious; well judged; expedient
pollyannaish,noun,noun: pleasantly
polyglot,noun,noun: speaking several languages; multilingual
polymath,noun,noun: a person of great and varied learning
pomp,noun,noun: cheap or pretentious or vain display; ceremonial elegance and splendor
pompous,adjective,adjective: puffed up with vanity; characterized by pomp and ceremony and stately display
ponderous,adjective,adjective: having great weight; weighty; unwieldy; lacking lightness
pontificate,noun,noun: the government of the Roman Catholic Church; administer a pontifical office
populist,noun,noun: someone who advocates the rights of the common people over those of the elite
porous,adjective,adjective: full of pores; like a sieve
portend,noun,noun: foretell; presage; be a sign or warning of
portentious,adjective,adjective: ominous or foreboding; portentous
portentous,adjective,adjective: of momentous or ominous significance; ominously prophetic
poseur,noun,"noun: person who pretends to be sophisticated, elegant, etc., to impress others; person who poses"
posit,verb,verb: to assume as fact; to put forward as a premise or proposal
posthumous,adjective,adjective: after death (as of child born after father's death or book published after author's death); coming or occurring after one's death
potentate,noun,noun: monarch; sovereign
powwow,noun,noun: a council of or with Native Americans
pragmatic,adjective,adjective: practical (as opposed to idealistic); concerned with practical worth or impact of something
prate,verb,verb: talk idly; speak foolishly; boast idly
prattle,verb,verb: talk idly; babble
pre-empt,noun,noun: a high bid that is intended to prevent the opposing players from bidding
preamble,noun,noun: introductory statement
precarious,adjective,adjective: unsafe; lacking in stability; uncertain; risky
preceded,verb,verb: be earlier in time; go back further; come before
precedent,noun,noun: something preceding in time which may be used as an authority or guide for future action
precept,noun,noun: practical rule guiding conduct
precipitate,verb,verb: hurl downward; throw headlong; hasten; cause to happen sooner
precipitous,adjective,adjective: steep; overhasty; precipitate
precis,noun; verb,noun; verb: a sketchy summary of the main points of an argument or theory; make a summary
preclude,verb,verb: make impossible; prevent; exclude; eliminate
precocious,adjective,adjective: advanced in development
precursor,noun,noun: forerunner; predecessor
predicament,noun,noun: difficult situation; tricky or dangerous situation; dilemma
predilection,noun,noun: preference; partiality
predisposed,verb,verb: made susceptible; make susceptible
preempt,verb,verb: prevent in advance; head off (forestall); forestall by acting first; appropriate for oneself before others
preemptive,adjective,adjective: designed or having the power to deter or prevent an anticipated situation or occurrence
preen,verb,verb: make oneself tidy in appearance; feel self-satisfaction or pride; (of a bird) smooth or clean (feathers) with the beak
premeditate,noun,noun: plan in advance
premonition,noun,noun: forewarning; presentiment; foreboding
prescience,noun,noun: ability to foretell the future; knowledge of actions before they occur
prescient,adjective,adjective: perceiving the significance of events before they occur
presentiment,adjective,adjective: premonition; foreboding; feeling something will happen; anticipatory fear
presumption,noun,noun: an assumption that is taken for granted; audacious
presumptive,adjective,adjective: having a reasonable basis for belief or acceptance; or heir apparent
presumptuous,adjective,adjective: going beyond what is right; excessively forward; arrogant; taking liberties
pretense,noun,noun: the act of giving a false appearance; pretending with intention to deceive
pretentious,adjective,adjective: ostentatious; showy; pompous; making unjustified claims
preternatural,adjective,adjective: beyond what is normal in nature; supernatural
pretext,noun,noun: a false reason given to hide the real motive
prevail,noun,noun: be widespread; triumph over; gain victory; prevail on: persuade
prevaricate,verb,verb: lie; hide the truth (by equivocating)
prevarication,noun,noun: a statement that deviates from or perverts the truth; intentionally vague or ambiguous
primacy,noun,noun: the state of being first in importance
prime,noun,noun: period of ideal or peak condition; earliest or beginning stage
primed,adjective,adjective: insert a primer into
primordial,adjective,adjective: existing at the beginning (of time); rudimentary
principled,adjective,adjective: based on or manifesting objectively defined standards of rightness or morality
pristine,noun,noun: unspoiled; remaining in a pure state; characteristic of earlier times; primitive
privation,noun; verb,noun; verb: lack of the basic necessities or comforts of life; hardship; want
prize,verb,verb: pry; move with a lever; value highly; esteem
probity,noun,noun: uprightness; honesty; incorruptibility
proclivity,noun,noun: inclination; natural tendency (esp. towards something bad)
prodigal,adjective,adjective: wasteful; reckless with money; profuse
prodigious,adjective,adjective: enormous; marvelous; extraordinary
prodigy,noun,noun: highly gifted child; person with exceptional talents; marvel; wonder
profane,verb,verb: violate; desecrate (something holy); treat unworthily; be profane for
proficient,adjective,adjective: having or showing knowledge and skill and aptitude; of or relating to technique or proficiency in a practical skill
profligacy,noun,noun: the trait of spending extravagantly; dissolute indulgence in sensual pleasure
profligate,noun,noun: wasteful (of money); dissipated; wildly immoral; dissolute
profound,adjective,adjective: deep; not superficial; complete
profundity,noun,noun: wisdom that is recondite and abstruse and profound; intellectual depth; penetrating knowledge; keen insight
profuse,noun,noun: produced or growing in extreme abundance
profusion,noun,noun: great amount; plenty; overabundance; excess
progenitor,noun,"noun: an ancestor or originator of a family, idea, or line"
progenitors,noun,noun: an ancestor in the direct line
prognosticate,noun,noun: predict (according to present indications)
prognostication,noun,noun: a sign of something about to happen; a statement made about the future
prohibitive,adjective,adjective: so high as to prohibit purchase or use; tending to prevent the purchase or use of something; prohibiting; inclined to prevent or forbid
proletarian,noun,noun: member of the working class; blue collar guy
proliferate,verb,verb: grow rapidly (in numbers); spread; multiply
prolific,adjective,adjective: producing offspring or fruit in abundance; fertile; fecund; abundantly fruitful
prolix,noun,noun: tediously prolonged or tending to speak or write at great length
prolixity,noun,noun: tedious wordiness; verbosity; verbose
prologue,noun,noun: introduction (to a poem or play)
prominent,adjective,adjective: protruding (sticking out); conspicuous; notable; eminent
promulgate,verb,verb: announce; proclaim a doctrine or law; make known by official publication
prone,adjective,adjective: inclined to; likely to (suffer); prostrate; lying with the front downward
pronounced,adjective,adjective: distinct; very noticeable
propagate,verb,verb: increase in number by producing young; multiply; spread
propensity,noun,noun: natural inclination
prophetic,adjective,adjective: of a prophet or prophecy; having to do with predicting the future
propinquity,noun,noun: nearness (in space or relationship); proximity; kinship
propitiate,verb,verb: appease; conciliate; make peaceful
propitious,adjective,adjective: favorable; auspicious; advantageous; fortunate
proponent,adjective,adjective: supporter; backer; opposite of opponent
propriety,noun,noun: fitness; quality of being proper; correct conduct; conformity to prevailing customs and usages
prosaic,adjective,"adjective: lacking in imagination; dull and unimaginative; matter-of-fact (concerned with facts, not imagination or feelings); factual"
proscribe,verb,verb: prohibit; ostracize; banish; outlaw
proselytize,verb,verb: (induce someone to) convert to a religion or belief
prospective,adjective,adjective: of or concerned with or related to the future
protean,noun,noun: able to take on many forms; versatile
provident,adjective,adjective: providing for future needs; displaying foresight; thrifty; preparing for emergencies
providential,adjective,adjective: peculiarly fortunate or appropriate; as if by divine intervention; relating to or characteristic of providence
provincial,adjective,adjective: pertaining to a province; limited in outlook; narrow; unsophisticated
provisional,adjective,adjective: tentative; temporary
provocative,adjective,adjective: arousing anger or sexual interest; annoying
prowess,noun,noun: extraordinary ability; military bravery
proximity,noun,noun: nearness
proxy,noun,noun: authorized agent; authority to act for another
prudent,adjective,adjective: cautious; careful; prudential
prune,verb,verb: cut away; trim
précis,noun,noun: concise summary of the essential points of a text
puerile,adjective,adjective: childish; immature
pugilism,noun,noun: fighting with the fists
pugilist,noun,noun: a boxer; someone who fights with fists
pugnacious,adjective,adjective: tough and callous by virtue of experience; ready and able to resort to force or violence
puissance,noun,noun: power to influence or coerce
puissant,adjective,adjective: powerful; strong; potent
pulchritude,noun,noun: beauty; comeliness
pullulation,noun,noun: asexual reproduction in which a local growth on the surface or in the body of the parent becomes a separate individual; a rapid and abundant increase
punctilious,adjective,adjective: minutely attentive (perhaps too much so) to fine points; stressing niceties of conduct or form
pundit,noun,noun: authority on a subject; expert; learned person
pungent,adjective,adjective: stinging; acrid; sharp in taste or smell; (of speech or writing) caustic
punitive,adjective,adjective: punishing
purist,noun,noun: someone who insists on great precision and correctness
pursuant,adjective,adjective: following from or in accordance with something; carried out under legal authority
pusillanimous,adjective,adjective: cowardly; lacking courage; fainthearted
putrefy,verb,verb: make or become putrid
putrid,noun,noun: decayed and foul-smelling; foul; rotten; decayed
pyrrhic,adjective,adjective: of or relating to a war dance of ancient Greece; of or relating to or containing a metrical foot of two unstressed syllables
quaff,noun,noun: drink with zest; drink with relish ; hearty enjoyment
quagmire,noun,"noun: bog; marsh; soft, wet, boggy land; predicament"
quail,verb,verb: cower; shrink back in fear; lose heart
qualification,noun,noun: an attribute that must be met or complied with and that fits a person for something; the act of modifying or changing the strength of some idea
qualified,adjective,adjective: limited; restricted; modify
qualify,verb,verb: reach a necessary standard; limit the meaning of something stated
qualm,noun,noun: uneasiness about the fitness of an action; a mild state of nausea
quandary,noun,noun: dilemma; state of uncertainty
quash,verb,verb: crush; suppress; squash; subdue
quay,noun,noun: dock; wharf; pier; landing place (for boats)
quell,verb,verb: suppress; put an end to; put down forcibly; extinguish
querulous,adjective,adjective: given to complaining; complaining; fretful; whining
query,verb,verb: inquiry; question
queue,noun,noun: line (of waiting people or vehicles)
quibble,noun,noun: minor objection or complaint
quiescence,noun,noun: a state of quiet ; quiet and inactive restfulness
quiescent,adjective,adjective: dormant; temporarily inactive; at rest
quintessential,adjective,adjective: representing the purest or most typical example of a quality
quip,noun,noun: taunt; clever sarcastic remark
quirky,noun,"noun: unconventional in an odd, distinctive, or amusing way"
quisling,adjective,adjective: traitor who aids invaders
quixotic,adjective,adjective: idealistic but impractical
quizzical,adjective,adjective: curious; suggesting puzzlement (without saying); questioning; teasing
quotidian,noun,noun: daily; commonplace; customary
raconteur,noun,noun: story-teller; one who tells stories with wit and skill
radical,adjective,adjective: markedly new or introducing radical change
raffish,adjective,adjective: marked by up-to-dateness in dress and manners; marked by a carefree unconventionality or disreputableness
raft,noun,noun: a flat float ; a foundation
ragamuffin,noun,noun: dirty child in torn clothes; person wearing tattered clothes
rail,verb,verb: complain bitterly; scold; rant
raillery,noun,noun: light teasing repartee
raiment,noun,noun: clothing; garments
rakish,noun,noun: jaunty; stylish; sporty; morally corrupt
ramification,noun,noun: branching out; subdivision; one branch of a system; one of the results following from an action or decision
ramify,verb,verb: branch out; divide into branches or subdivisions
rampant,adjective,adjective: growing or spreading uncontrollably; growing in profusion; unrestrained
rampart,noun,noun: defensive mound of earth
rancorous,adjective,adjective: showing deep-seated resentment
rankle,verb,verb: irritate; fester; annoy
rankled,verb,verb: gnaw into; make resentful or angry
ranks,noun,noun: a row or line of people ; relative status
rapacious,adjective,adjective: voracious; ravenous; taking everything one can; excessively grasping
rapprochement,noun,noun: the reestablishing of cordial relations
rapt,noun,noun: engrossed; absorbed; enchanted
rapturous,adjective,adjective: feeling great rapture or delight
rarefied,adjective,adjective: made less dense (of a gas)
rarefy,verb,verb: lessen the density or solidity of; make more subtle or refined
rash,adjective,adjective: imprudently incurring risk; marked by defiant disregard for danger or consequences
rational,adjective,adjective: (of a person) having reason; (of ideas) based on reason; logical
rationalize,verb,"verb: make rational; devise false reasons for (one's behavior); offer an excuse; give a plausible reason for an action in place of a true, less admirable ones"
raucous,adjective,adjective: (of voice) harsh and unpleasant; (of people) disorderly and boisterous
ravenous,adjective,adjective: extremely hungry; voracious
raze,verb,verb: destroy completely
reactant,noun,noun: a chemical substance that is present at the start of a chemical reaction
readily,adjective; adverb,adjective; adverb: without much difficulty; in a punctual manner
realization,noun,noun: coming to understand something clearly and distinctly; making real or giving the appearance of reality
reap,verb,"verb: gather, as of natural products; get or derive"
rebuke,verb,verb: scold harshly; criticize severely
rebus,noun,noun: representation of words in the form of pictures or symbols; puzzle in which pictures or letters stand for words
rebut,verb,"verb: overthrow by argument, evidence, or proof; prove to be false or incorrect"
rebuttal,adjective,adjective: refutation; response with contrary evidence; disprove
recalcitrant,adjective,adjective: disobedient or resisting authority even after being punished; obstinately stubborn; determined to resist authority; unruly
recant,adjective,adjective: disclaim or disavow; retract a previous statement; openly confess error
recapitulate,noun,noun: summarize the main points again; restate briefly
recapitulated,adjective,adjective: summarize briefly; repeat stages of evolutionary development during the embryonic phase of life
recapitulation,noun,noun: emergence during embryonic development of various characters or structures that appeared during the evolutionary history of the strain or species
recidivism,noun,noun: habitual return to crime (even after being punished)
recidivist,noun,noun: someone who is repeatedly arrested for criminal behavior ; someone who lapses into previous undesirable patterns of behavior
recluse,noun,noun: hermit; loner
reclusive,adjective,adjective: withdrawn from society; seeking solitude; providing privacy or seclusion
reconcile,verb,verb: make friendly again (after quarrel); make consistent (two ideas in opposition); correct inconsistencies
reconciliation,noun,noun: the reestablishing of cordial relations; getting two things to correspond
recondite,adjective,adjective: abstruse; not easily understood; profound; secret
reconnaissance,noun,noun: survey of enemy by soldiers; reconnoitering
reconnoiter,noun,"noun: explore, often with the goal of finding something or somebody"
recourse,noun,noun: resorting to help when in trouble
recreant,adjective,adjective: disloyal; cowardly
recrimination,noun,noun: countercharges
recrudesce,verb,verb: break out or become active again after a quiet period
recrudescent,noun,noun: the revival of an unfortunate situation after a period of abatement
rectify,noun,noun: set right; correct
rectitude,noun,noun: moral correctness; moral uprightness; moral virtue; correctness of judgment
recumbent,adjective,adjective: reclining; lying down completely or in part
redolent,adjective,adjective: odorous; fragrant; suggestive (of an odor)
redouble,noun,"noun: double in magnitude, extent, or intensity; double again"
redoubtable,adjective,adjective: formidable; causing fear
redound,noun,noun: return or recoil; contribute
redress,noun,noun: remedy; compensation
reductive,adjective,adjective: characterized by or causing diminution or curtailment
redundant,adjective,adjective: superfluous; more than is necessary; verbose; excessively wordy
refine,verb,"verb: improve or perfect by pruning or polishing; make more complex, intricate, or richer"
refracted,verb,verb: subject to refraction; determine the refracting power of
refractory,adjective,adjective: unmanageable; disobedient and stubborn
refulgent,adjective,adjective: effulgent; brilliant; brightly shining; gleaming
refute,verb,verb: disprove; prove to be false
regale,noun,"noun: entertain or delight someone, often with stories or food"
regress,noun,noun: the reasoning involved when you assume the conclusion is true and reason backward to the evidence; returning to a former state
reiterate,noun,"noun: say or do again, especially for emphasis"
rejoinder,noun,noun: reply; retort; comeback
rejuvenated,verb,verb: cause ; develop youthful topographical features
relegate,verb,verb: put into a lower or worse place; banish to an inferior position; delegate; assign
relentless,adjective,adjective: not to be placated or appeased or moved by entreaty; never-ceasing
relevant,adjective,adjective: having importance; pertinent; referring to the case in hand
relinquish,verb,verb: give up something (with reluctance); yield; release
relish,noun,noun: enjoy; savor
remedial,adjective,adjective: tending or intended to rectify or improve; tending to cure or restore to health
reminiscent,adjective,adjective: suggestive of something (in the past); of reminiscence
remiss,noun,noun: negligent; careless about a duty
remonstrate,noun,noun: protest; objection
remunerated,verb,verb: receiving or eligible for compensation; make payment to; compensate
remuneration,noun,noun: something that remunerates; the act of paying for goods or services or to recompense for losses
renaissance,noun,noun: the period of European history at the close of the Middle Ages and the rise of the modern world; a cultural rebirth from the 14th through the middle of the 17th centuries; the revival of learning and culture
rend,noun,noun: split; tear apart
render,verb,verb: give; deliver; provide; represent in verbal or artistic form
renege,verb,verb: break a promise; deny; go back on
renounce,verb,verb: abandon; give up (by formal announcement); disown; repudiate
renowned,adjective,adjective: widely known and esteemed
rent,adjective,adjective: tear made by rending; rip; split
repast,noun,noun: meal; feast; banquet
repercussion,noun,noun: rebound; reaction; reverberation
repertoire,noun,"noun: list of works of music, drama, etc., a performer is prepared to present"
repertorial,adjective,"adjective: relating to a repertoire, catalog, or organized stock of works"
repine,noun,noun: fret; complain; be annoyed
replenish,noun,noun: fill up again
replete,noun,noun: fully filled; filled to the brim or to the point of being stuffed; abundantly supplied
repose,noun,noun: resting; state of being at rest; calmness
reprehensible,adjective,adjective: deserving blame; blameworthy
reprisal,noun,noun: an act of retaliation in response to an injury or attack
reproach,verb,verb: blame (not angrily but sadly); express disapproval or disappointment
reprobate,noun,"noun: morally disapproved person; person hardened in sin, devoid of a sense of decency"
reprove,verb,verb: censure; rebuke
repudiate,verb,verb: disown; disavow; deny
repugnant,adjective,adjective: offensive to the mind
requisite,noun,noun: necessary requirement; something required
requite,verb,verb: make return for; repay; reciprocate; revenge
rescind,verb,"verb: repeal; annul; cancel (a law, decision, or agreement)"
reservation,noun,noun: a district that is reserved for particular purpose; a statement that limits or restricts some claim
resignation,noun,noun: patiently submissiveness; statement that one is quitting a job
resigned,verb,verb: leave ; give up or retire from a position
resilient,adjective,adjective: elastic; having the power of springing back; able to recover quickly (as from misfortune)
resolute,adjective,adjective: firm in purpose or belief; characterized by firmness and determination; characterized by quickness and firmness
resolution,noun,noun: determination; resoluteness
resolve,noun,noun: determination; resolution; firmness of purpose
resonant,adjective,adjective: (of a sound) echoing; resounding (sounding loudly); deep and full in sound; producing resonance
respectively,adverb,adverb: in the order given
respite,verb,verb: time for rest; interval of relief; delay in punishment; reprieve
resplendent,adjective,adjective: brilliant; splendid in appearance; dazzling; glorious
restitution,noun,"noun: returning something (lost or stolen) to the rightful owner; reparation; indemnification; compensation for loss, damage, or injury"
restive,adjective,adjective: impatiently restless (induced by external coercion or restriction); restlessly impatient; obstinately resisting control
resurgence,noun,noun: bringing again into activity and prominence
resurgent,adjective,adjective: rising again as to new life and vigor
resurrect,verb,"verb: bring back to life, use, attention, or existence"
retard,verb,verb: delay (in development)
reticent,adjective,adjective: inclined to silence; uncommunicative; reserved
retiring,adjective,adjective: shy and reserved (of a person); modest
retract,verb,verb: withdraw; take back; draw back
retrenchment,noun,noun: entrenchment consisting of an additional interior fortification to prolong the defense; the reduction of expenditures in order to become financially stable
retrospection,noun,noun: reference to things past; memory for experiences that are past
retrospective,adjective,adjective: looking back on the past
revamp,verb,verb: to patch up or renovate; repair or restore; provide
revanche,noun,"noun: revenge, especially a political desire to regain lost territory"
reverberate,noun,noun: echo repeatedly; resound
revere,noun,noun: American silversmith remembered for his midnight ride ; 1735-1818
reverent,adjective,adjective: respectful; worshipful
revile,verb,verb: attack with abusive language; vilify (slander)
reviler,noun,noun: one who attacks with abusive or contemptuous language
revulsion,noun,noun: sudden strong feeling of disgust; sudden violent change of feeling; negative reaction
rhapsodize,verb,verb: speak or write in an exaggeratedly enthusiastic manner
rhetoric,adjective,adjective: art of effective communication; art of using language effectively and persuasively; style of speaking or writing; grandiloquent language
rhetorical,adjective,"adjective: of or relating to rhetoric; given to rhetoric, emphasizing style at the expense of thought"
ribald,adjective,adjective: marked by vulgar lewd humor; wanton; profane
rickety,noun,noun: (of buildings) likely to break or fall apart; of rickets
ridden,noun,"noun: sit and travel on the back of animal, usually while controlling its motions; be carried or travel on or in a vehicle"
rife,noun,noun: (of something bad) widespread; abundant; current
rift,verb,verb: narrow opening in a large mass; break in a friendly relation; OP. reconcilation
rile,adjective,adjective: irritate; vex; muddy
riposte,noun,noun: a quick reply to a question or remark
risible,adjective,adjective: arousing or provoking laughter
risque,noun,noun: suggestive of sexual impropriety
roborant,adjective,adjective: restorative; strengthening or invigorating
robust,noun,noun: strong; vigorous
rococo,noun,noun: ornate; highly decorated
rotund,noun,noun: (of a person) fat and round
row,noun,noun: an arrangement of objects or people side by side in a line; an angry dispute
rubicund,noun,noun: inclined to a healthy reddish color often associated with outdoor life
rubric,adjective,adjective: title or heading (in red print); directions for religious ceremony; protocol
rudimentary,adjective,adjective: elementary; not developed; crude
rue,verb,verb: regret; lament; mourn
ruffian,noun,noun: violent scoundrel; bully
ruminate,noun,"noun: chew over and over (mentally or, like cows, physically); mull over (ponder)"
runic,adjective,adjective: mysterious; set down in an ancient alphabet; magic charm
rustic,adjective,adjective: pertaining to country people; unsophisticated; simple; crude
saccharine,noun,noun: cloying sweet; characteristic of sugar or saccharin
sacrosanct,noun,noun: invioably sacred; most sacred; inviolable
sagacious,adjective,adjective: wise; perceptive; shrewd; having insight
sage,noun,noun: person celebrated for wisdom; wise person
salacious,adjective,adjective: lascivious; lustful
salient,adjective,adjective: prominent; projecting beyond a line; conspicuous
salubrious,adjective,adjective: healthful; conducive to health or well-being; socially desirable
salutary,adjective,adjective: tending to improve; beneficial; wholesome
salve,noun,noun: semisolid preparation ; anything that remedies or heals or soothes
sanatorium,noun,noun: a hospital for recuperation or for the treatment of chronic diseases; pejorative terms for an insane asylum
sanctimonious,adjective,adjective: displaying ostentatious or hypocritical devoutness
sanctimony,noun,noun: the quality of being hypocritically devout
sanction,verb,verb: approve; ratify
sangfroid,verb,"verb: calm self-possession, especially under stress"
sanguine,noun,noun: optimistic; cheerful; hopeful; of the color of blood
sap,verb,verb: diminish; weaken; undermine the foundations of (a fortification)
sapid,adjective,adjective: full of flavor
sapient,adjective,adjective: acutely insightful and wise
sardonic,adjective,adjective: scornfully mocking; disdainful; sarcastic; cynical
sartorial,adjective,adjective: pertainingto tailors or tailoring
sashayed,verb,"verb: move sideways; to walk with a lofty proud gait, often in an attempt to impress others"
satiate,verb,verb: satisfy fully (physical needs such as hunger); sate
satiate or sate,verb,"verb: satisfy fully, especially an appetite or desire"
satiated,adjective,adjective: supplied ; fill to satisfaction
satire,verb,"verb: form of literature in which irony, sarcasm, and ridicule are employed to attack human vice and folly"
satirical,adjective,adjective: using satire; mocking
saturate,verb,verb: soak thoroughly; imbue; impregnate; charge
saturnine,noun,noun: morose; gloomy
savant,adjective,adjective: scholar; learned person
savor,noun,"noun: enjoy; have a distinctive flavor, smell, or quality"
savvy,noun,noun: the cognitive condition of someone who understands; get the meaning of something
scant,adjective,adjective: less than the correct or legal or full amount often deliberately so; work hastily or carelessly; deal with inadequately and superficially
scanty,noun,noun: meager; insufficient
scapegoat,noun,noun: someone who bears the blame for others; whipping boy
scathing,adjective,adjective: marked by harshly abusive criticism
schadenfreude,noun,noun: enjoyment obtained from seeing or hearing about the troubles of others
schism,noun,noun: division into factions (esp. within a religious body); split
scintilla,noun,noun: trace; minute amount; shred; least bit
scintillating,adjective,adjective: brilliantly clever; marked by high spirits or excitement
sclerotic,adjective,"adjective: rigid, unresponsive, or unable to adapt"
scoff,verb,verb: laugh (at); mock; ridicule
scofflaw,noun,noun: one who habitually ignores the law and does not answer court summonses
scorn,noun,noun: lack of respect accompanied by a feeling of intense dislike; open disrespect for a person or thing
scotch,verb,"verb: to put an end to; to stop, block, or thwart"
screed,noun,noun: a long monotonous harangue; a long piece of writing
scrupulous,adjective,adjective: conscientious; extremely thorough
scrutinize,noun,noun: examine closely and critically
scuffle,verb,verb: struggle confusedly; move off in a confused hurry
scurrilous,adjective,adjective: abusive; obscene; indecent
scurvy,noun,noun: contemptible; despicable
scuttle,verb,verb: sink (a ship) by cutting holes in the hull; scrap; discard
searchingly,adverb,"adverb: in a probing, penetrating, or intensely examining manner"
secrete,verb,verb: conceal; hide away or cache; produce and release a substance into an organism
secretes,verb,verb: generate and separate from cells or bodily fluids; place out of sight; keep secret
sectarian,noun,noun: of a sect; narrow-minded; parochial
secular,adjective,adjective: worldly; not pertaining to church matters or religion; temporal
sedative,adjective; noun,adjective; noun: tending to soothe or tranquilize; a drug that reduces excitability and calms a person
sedentary,adjective,adjective: requiring sitting; done while sitting; not moving from one place to another; settled
sediment,noun,noun: matter that has been deposited by some natural process; deposit as a sediment
sedition,verb,verb: conduct or language inciting rebellion; rebellion; resistance to authority; insubordination
sedulous,adjective,adjective: diligent; assiduous; paying attention
segue,noun,noun: the act of changing smoothly from one state or situation to another; proceed without interruption; in music or talk
seine,noun,noun: seine net; net for catching fish
self-effacing,adjective,adjective: reluctant to draw attention to yourself
self-styled,adjective,adjective: as claimed by and for yourself often without justification
semantic,adjective,adjective: relating to meaning in language or symbols
semblance,noun,noun: outward appearance; guise
seminal,adjective,adjective: related to seed or semen; germinal; creative; providing a basis for further development
sensational,adjective,"adjective: causing intense interest, curiosity, or emotion; commanding attention"
sententious,adjective,adjective: pithy; terse; concise; aphoristic
sentient,adjective,adjective: capable of sensation and conscious; aware; sensitive
sentimental,adjective,adjective: swayed by sentiment; appealing to the sentiments
sepulchral,adjective,adjective: of or relating to a sepulchre; gruesomely indicative of death or the dead
sequacious,adjective,adjective: intellectually dependent; following another's s opinions too readily
seraphic,adjective,adjective: of or relating to an angel of the first order; having a sweet nature befitting an angel or cherub
sere,adjective,adjective: sear; parched; dry
serendipity,noun,noun: gift for finding valuable things by accident; accidental good fortune or luck
serene,adjective,adjective: not agitated; without losing self-possession; completely clear and fine
serenity,noun,noun: calmness; placidity
servile,adjective,adjective: slavish; cringing
sever,verb,verb: separate; cut off (a part) from a whole; break up (a relationship)
sham,noun,noun: pretend; feign
shard,noun,"noun: fragment generally of broken pottery (glass, clay bowl, or cup)"
shelve,verb,verb: hold back to a later time; place on a shelf
shirk,verb,"verb: avoid (responsibility, work, etc.); malinger"
showy,adjective,adjective: marked by ostentation but often tasteless; displaying brilliance and virtuosity
shrewd,noun,noun: clever; astute
sibilant,noun,noun: of speech sounds produced by forcing air through a constricted passage ; a consonant characterized by a hissing sound
sidereal,adjective,adjective: relating to stars
simper,noun,noun: smirk; smile in a silly way; smile affectedly
simulacrum,noun,noun: an insubstantial or vague semblance; a representation of a person
simultaneous,adjective,adjective: occurring or operating at the same time
sinecure,noun,noun: well-paid position with little responsibility
singular,adjective,adjective: being only one; individual; unique; extraordinary
sinuous,adjective,adjective: twisting; winding; bending in and out; not morally honest
skeptic,noun,noun: sceptic; doubter; person who suspends judgment until he has examined the evidence supporting a point of view
skirt,noun,noun: cloth covering that forms the part of a garment below the waist; a garment hanging from the waist; worn mainly by girls and women
skittish,adjective,adjective: inconstant; capricious; frivolous; not serious
skulduggery,noun,noun: verbal misrepresentation intended to take advantage of you in some way
skulk,verb,verb: move furtively and secretly
skullduggery,noun,noun: verbal misrepresentation intended to take advantage of you in some way
slack,noun,noun: moving slowly; sluggish; inactive; (of a rope) loose
slake,verb,verb: satisfy (thirst); quench; sate
slander,noun,noun: defamation; utterance of false and malicious statements
slapdash,noun,noun: hasty and careless; haphazard; sloppy (carelessly done)
slatternly,adverb,adverb: characteristic of or befitting a slut or slattern; used especially of women
slew,noun,noun: large quantity or number
slight,noun,noun: insult to one's dignity; snub
slipshod,noun,noun: slovenly; careless; sloppy; untidy
slothful,adjective,adjective: disinclined to work or exertion
slovenly,adverb,adverb: untidy; careless in work habits; slipshod
sluggish,noun,noun: lazy; slow; inactive; lethargic
smattering,adjective,adjective: slight knowledge; small scattered number or amount
smug,noun,noun: self-satisfied; complacent
snide,noun,noun: expressive of contempt
snub,noun,noun: ignore or behave coldly toward
sobriquet,noun,noun: a familiar name for a person
sodden,noun,noun: thoroughly soaked; dull or stupid as if from drink
sojourn,noun,noun: temporary stay
solder,noun,noun: repair or make whole by using a metal alloy
solecism,noun,noun: nonstandard grammatical construction; construction that is flagrantly incorrect grammatically; violation of social etiquette
solicitous,adjective,adjective: anxious; worried; concerned; eager
solicitude,noun,noun: a feeling of excessive concern
solidarity,noun,noun: a union of interests or purposes or sympathies among members of a group
soliloquy,noun,noun: talking to oneself (esp. in a play); long speech by one person (often monopolizing a conversation)
solipsistic,adjective,adjective: extremely self-absorbed; treating one's own mind as the only certainty
solvent,adjective,adjective: able to pay all depths
somatic,adjective,adjective: pertaining to the body; bodily; physical
somber,noun,noun: dark; gloomy; melancholy; depressing
somnolent,adjective,adjective: half asleep; drowsy
sonorous,adjective,adjective: resonant; producing a full deep sound; producing sound
sophisticated,adjective,adjective: worldly wise and urbane; refined; complex
sophistry,noun,noun: seemingly plausible but fallacious reasoning; sophism
sophomoric,adjective,adjective: immature; half-baked; like a sophomore
soporific,adjective,adjective: sleep-causing; marked by sleepiness; drowsy
sordid,noun,noun: filthy; foul; base; vile
soubriquet,noun,noun: a familiar name for a person
sound,adjective,adjective: in good condition; showing good judgment or good sense; thorough; complete
soupcon,noun,noun: a slight but appreciable amount
sovereign,noun,noun: ruler in a monarchy
sparing,adjective,adjective: avoiding waste; refrain from harming
sparse,adjective,adjective: not thick; thinly scattered; scanty
spartan,adjective,adjective: without attention to comfort; lacking luxury and comfort; sternly disciplined
spate,noun,noun: sudden flood or rush
spearhead,noun,noun: someone who leads or initiates an activity ; the leading military unit in an attack
specious,adjective,adjective: seemingly reasonable but incorrect; misleading (often intentionally)
spectrum,adjective,adjective: colored band produced when a beam of light passes through a prism; broad and continuous range
speculate,verb,"verb: to believe especially on uncertain or tentative grounds; talk over conjecturally, or review in an idle or casual way and with an element of doubt or without sufficient reason to reach a conclusion"
spendthrift,noun,noun: someone who wastes money
splenetic,adjective,adjective: of or relating to the spleen; very irritable
sporadic,adjective,adjective: occurring irregularly; intermittent
sportive,adjective,adjective: playful; frolicsome; merry
spurious,adjective,adjective: false; counterfeit; forged; illogical
spurn,verb,verb: reject disdainfully; scorn
squalid,noun,noun: morally degraded; foul and run-down and repulsive
squander,noun,noun: waste; spend foolishly
squelch,verb,verb: produce a splashing sound (when stepping through mud); crush; squash
staid,noun,noun: serious and sedate; sober
stalwart,noun,noun: physically strong; brawny; steadfast; strong in mind or determination
stanch,verb,verb: stop or check flow of blood
standing,adjective,adjective: having a supporting base; not created for a particular occasion
stanza,noun,noun: division of a poem (composed of two or more lines)
staple,noun,"noun: necessary or important, especially regarding food or commodities"
stark,noun,noun: devoid of any qualifications or disguise or adornment; severely simple
start,verb,verb: move suddenly or involuntarily
stasis,noun,noun: an abnormal state in which the normal flow of a liquid ; inactivity resulting from a static balance between opposing forces
static,adjective,adjective: having no motion; unchanging; lacking development
statuesque,noun,noun: of size and dignity suggestive of a statue; suggestive of a statue
status quo,noun,noun: the existing state of affairs
staunch,verb,verb: firm and dependable especially in loyalty; stop the flow of a liquid
steadfast,noun,noun: steadily loyal; unswerving; steady
steep,noun,noun: soak; saturate
steeped,adjective,adjective: devote ; let sit in a liquid to extract a flavor or to cleanse
stem,verb,verb: stop or check (the flow of)
stentorian,noun,noun: (of the voice) extremely loud
stern,adjective,adjective: of a stern or strict bearing or demeanor; forbidding in aspect; not to be placated or appeased or moved by entreaty
stevedore,noun,noun: a laborer who loads and unloads vessels in a port
stifle,verb,verb: suppress; extinguish; inhibit; smother or suffocate
stigma,noun,noun: token of disgrace; brand; characterize as disgraceful
stigmas,noun,noun: the apical end of the style where deposited pollen enters the pistil; a symbol of disgrace or infamy
stigmatize,verb,verb: to accuse or condemn or openly or formally or brand as disgraceful; mark with a stigma or stigmata
stilted,adjective,adjective: bombastic; stiffly pompous
stingy,noun,noun: unwilling to spend ; deficient in amount or quality or extent
stint,noun,noun: set limits in amount or number; be thrifty
stinting,adjective,adjective: avoiding waste; subsist on a meager allowance
stipend,noun,noun: pay for services
stipulate,noun; verb,noun; verb: state as a necessary condition (of an agreement); make express conditions; specify
stoic,adjective,adjective: stoical; impassive; unmoved by joy or grief
stoic or stoical,adjective,adjective: showing endurance of pain or hardship without complaint
stolid,noun,noun: dull; impassive; showing little emotion when strong feelings are expected
storied,adjective,adjective: having an illustrious past; having stories as indicated
stratagem,noun,noun: deceptive scheme; clever trick
stratum,noun,noun: layer of earth's surface; layer of society; PL. strata
streamlined,adjective,adjective: made efficient by stripping off nonessentials; designed or arranged to offer the least resistant to fluid flow
strenuous,adjective,adjective: characterized by or performed with much energy or force; taxing to the utmost; testing powers of endurance
striated,adjective,adjective: marked with parallel bands; striped; grooved
stricture,adjective; verb,adjective; verb: severe and adverse criticism; critical comments; limit or restriction
strident,adjective,adjective: loud and harsh; insistent
strife,noun; adjective,noun; adjective: lack of agreement or harmony; bitter conflict; heated often violent dissension
stringent,adjective,adjective: (of rules) binding; rigid; marked by scarcity of money
strut,noun,noun: pompous walk
stultify,verb,verb: to make ineffective or absurd; to make someone appear foolish; to hinder or frustrate
stupefied,adjective,adjective: as if struck dumb with astonishment and surprise; in a state of mental numbness especially as resulting from shock
stupefy,verb,verb: stun; make numb (as with a drug); amaze
stygian,noun,noun: unpleasantly dark; gloomy; hellish; deathly
stymie,verb,verb: thwart; present an obstacle; stump
stymie or stymy,verb; noun,"verb; noun: to block, thwart, or prevent progress; an obstacle"
subjective,adjective,adjective: influenced by personal feelings; occurring or taking place within the mind; unreal
sublime,adjective,"adjective: causing deep feelings of wonder, joy, respect, etc.; exalted; noble and uplifting; utter"
subliminal,adjective,adjective: below the threshold of conscious perception
subordinate,noun,noun: occupying a lower rank; inferior; submissive
subpoena,noun,noun: writ (written command issued by a court) summoning a witness to appear in court
subsequent,adjective,adjective: following in time or order; later
subservient,adjective,adjective: behaving like a slave; servile; obsequious; subordinate
subside,noun,noun: sink to a lower level; settle down; sink to the bottom (as a sediment); descend
subsidy,noun,"noun: direct financial aid by government, etc."
substantiate,verb,verb: support (a claim) with evidence; establish with evidence; verify
subsume,verb,verb: include (as a member of a group); encompass
subterfuge,noun,noun: stratagem (deceptive scheme); pretense; evasion
subtle,noun,noun: difficult to detect or grasp by the mind or analyze; able to make fine distinctions
subversive,adjective; verb,adjective; verb: tending to overthrow or ruin; destroy completely
subvert,verb,verb: cause the downfall of; of rulers; corrupt morally or by intemperance or sensuality
succeeding,adjective,adjective: coming after or following
succinct,noun,noun: briefly giving the gist of something
succor,verb,verb: assist (someone in difficulty); aid; comfort
succumb,verb,verb: yield (to something overwhelming); give in; die
sufficient,adjective,adjective: of a quantity that can fulfill a need or requirement but without being abundant
sullen,noun,noun: silently showing ill humor or resentment; dark; gloomy
sully,adverb,adverb: defile; soil; tarnish
summit,noun,noun: the highest level or degree attainable; the highest stage of development; the top or extreme point of something
sumptuary,adjective,"adjective: regulating or limiting personal spending, dress, or luxury"
sundry,noun,noun: miscellaneous; various; several
superbly,adverb,adverb: excellently; magnificently; to a very high degree
supercilious,adjective,adjective: haughty; arrogant; condescending; patronizing
superficial,adjective,adjective: of the surface; not deep; shallow; not thorough
superfluous,adjective,adjective: excessive; overabundant; unnecessary
supersede,verb,verb: replace; cause to be set aside; make obsolete
supine,noun,noun: lying on back; passive; inactive
supplant,verb,verb: take the place of unfairly; usurp; replace
suppliant,adjective,adjective: entreating; beseeching
supplicant,noun,noun: one who supplicates
supplicate,noun,noun: petition humbly; pray to grant a favor
supposition,noun,noun: assumption; hypothesis; surmise
surfeit,noun,noun: satiate; feed or supply to excess; stuff; indulge to excess in anything
surly,adverb,adverb: bad-tempered; rude; cross
surmise,verb; noun,verb; noun: to guess or infer from limited evidence; a conjecture
surmount,verb,verb: overcome a difficulty; rise above or climb over
surpassing,adjective,adjective: exceeding or surpassing usual limits especially in excellence; far beyond what is usual in magnitude or degree
surreptitious,adjective,adjective: done secretly; secret; furtive; sneaky
surrogate,noun,noun: substitute; person or thing used in place of another
susceptible,adjective,adjective: impressionable; easily influenced; sensitive; having little resistance as to a disease
swathe,noun,noun: swath; wrap around; bandage
sybarite,noun,noun: lover of luxury; person devoted to pleasure and luxury
sycophant,adjective,adjective: servile flatterer; bootlicker; yes man
symbiosis,noun,"noun: interdependent relationship (between groups, species) often mutually beneficial"
synchronous,adjective,adjective: similarly timed; simultaneous with; occurring at the same time
syncopated,adjective,adjective: stressing a normally weak beat; omit a sound or letter in a word
synergy,noun,noun: the working together of two things
synoptic,adjective,adjective: providing a general overview; summary
syntax,noun,noun: the grammatical arrangement of words in sentences; a systematic orderly arrangement
synthesize,verb,"verb: combine so as to form a more complex, product; combine and form a synthesis"
table,noun,noun: a set of data arranged in rows and columns; a piece of furniture having a smooth flat top that is usually supported by one or more vertical legs
tacit,adjective,adjective: understood (without actually being expressed); not put into words
taciturn,noun,noun: habitually silent; talking little
tact,noun,noun: skill or sensitivity in dealing with people without causing offence
tamp,noun,noun: a tool for tamping ; press down tightly
tangential,adjective,adjective: only slightly connected; not central; peripheral; digressing
tangible,adjective,adjective: able to be touched; real; concrete; palpable
tantalize,noun,noun: tease; excite by exposing something desirable while keeping it out of reach; torture with disappointment
tantalizing,adjective,adjective: arousing desire or expectation for something unattainable or mockingly out of reach; very pleasantly inviting
tantamount,noun,noun: equivalent in effect or value
tarnish,verb,verb: make or become dull or discolored
tautology,noun,noun: useless repetition
tawdry,noun,noun: cheap and gaudy
taxing,adjective,adjective: not easily borne; wearing; levy a tax on
taxonomic,adjective,adjective: of or relating to taxonomy
telling,adjective,adjective: disclosing unintentionally something concealed; powerfully persuasive
telltale,noun,noun: disclosing unintentionally something concealed; someone who gossips indiscreetly
temerity,noun,noun: boldness; nerve; rashness
temper,verb,verb: moderate; make less severe; tone down or restrain; toughen (steel) as by alternate heating and cooling
temperance,noun,noun: the trait of avoiding excesses; abstaining from excess
temperate,verb,verb: moderate; restrained; self-controlled; moderate in respect to temperature
tempered,adjective,adjective: made hard or flexible or resilient especially by heat treatment; adjusted or attuned by adding a counterbalancing element
tempestuous,adjective,adjective: stormy; violent; impassioned
temporal,adjective,adjective: of time; not lasting forever; limited by time; temporary
tenable,adjective,adjective: based on sound reasoning or evidence
tenacious,adjective,adjective: holding fast (as to a belief); persistent
tenacity,noun,noun: firmness; persistence
tendentious,adjective,adjective: promoting a particular point of view; biased; having an aim; designed to further a cause
tender,verb,verb: offer formally; extend
tensile,adjective,adjective: capable of being stretched; of tension
tentative,adjective,adjective: not fully worked out or developed; provisional; experimental; uncertain
tenuous,adjective,adjective: thin; slim; rare
tepid,noun,noun: lukewarm; slightly warm; half-hearted
terrestrial,adjective,adjective: on or relating to the earth
terse,noun,noun: concise; abrupt; pithy
tetchy,noun,noun: easily irritated or annoyed
thorough,adjective,adjective: painstakingly careful and accurate; performed comprehensively and completely; not superficial or partial
thoroughgoing,adjective,adjective: performed comprehensively and completely; not superficial or partial; without qualification; used informally as
thrifty,noun,noun: careful about money; economical
thwart,verb,"verb: to block, hinder, baffle, or frustrate"
timely,adverb,adverb: before a time limit expires; done or happening at the appropriate or proper time
timorous,adjective,adjective: fearful; timid; demonstrating fear
tirade,noun,noun: long angry denunciatory speech; diatribe; harangue; extended scolding
titular,adjective,adjective: of a title; in name only; nominal; having the title of an office without the obligations
toady,noun,noun: servile flatterer; yes man; sycophant
token,noun,noun: outward sign
tome,noun,noun: large volume; book
tonic,adjective,adjective: of or relating to or producing normal tone or tonus in muscles or tissue; employing variations in pitch to distinguish meanings of otherwise similar words
tonicity,noun,"noun: the elastic tension of living muscles, arteries, etc. that facilitate response to stimuli"
toothsome,noun,noun: acceptable to the taste or mind; extremely pleasing to the sense of taste
torpid,noun,noun: slow and apathetic; in a condition of biological rest or suspended animation
torpor,noun,noun: lethargy; sluggishness; dormancy
torque,verb,verb: twisting force; force producing rotation
torrid,noun,noun: (of weather) hot or scorching; passionate
tortuous,adjective,adjective: winding; full of curves
totalitarian,adjective,adjective: characterized by a government in which the political authority exercises absolute and centralized control; of or relating to the principles of totalitarianism according to which the state regulates every realm of life
tout,verb,verb: promote or publicize (one's goods or service); praise excessively (as a form of advertisement)
touted,verb,verb: advertize in strongly positive terms; show off
tractable,adjective,adjective: docile; easily managed; (of something) easily changed or molded
tranquil,adjective,adjective: not agitated; without losing self-possession
transgression,verb,verb: violation of a law; sin; violate
transient,adjective,adjective: staying for a short time; momentary; temporary
transitory,adjective,adjective: transient; impermanent; fleeting
transmute,verb,verb: transform; change; convert to something different
travail,noun,noun: strenuous work; toil; painful labor; labor of childbirth
travesty,noun,noun: copy or example of something that completely misrepresents the true nature of the real thing; comical parody or imitation; treatment aimed at making something appear ridiculous
treacherous,adjective,adjective: dangerously unstable and unpredictable; tending to betray; especially having a treacherous character as attributed to the Carthaginians by the Romans
treacly,adverb,adverb: overly sweet
tremulous,adjective,adjective: trembling; wavering
trenchant,adjective,adjective: cutting; incisive; keen
trepidation,noun,noun: fear; nervous apprehension
tribulation,noun,noun: suffering; ordeal; distress; trial
trifling,adjective,adjective: trivial; unimportant
trite,noun,noun: hackneyed; commonplace
trivial,adjective,"adjective: of little importance; ordinary, commonplace, or insignificant"
truculence,noun,noun: aggressiveness; ferocity; pugnacious
truculent,adjective,adjective: defiantly aggressive
truncate,verb,verb: cut the top off; shorten
truncated,verb,verb: cut short in duration; terminating abruptly by having or as if having an end or point cut off
tumid,noun,noun: (of a part of the body) swollen; distended; bombastic; pompous
tumult,noun,noun: commotion of a great crowd; riot; noise; uproar
tumultuous,adjective,adjective: characterized by unrest or disorder or insubordination
turbid,noun,noun: (of a liquid) having the sediment disturbed; muddy; thick
turbulent,adjective,adjective: characterized by unrest or disorder or insubordination
turgid,noun,noun: swollen; distended (as from liquid)
turpitude,noun,noun: depravity; baseness
tyro,noun,noun: beginner; novice
ubiquitous,adjective,adjective: being everywhere; omnipresent
umbrage,noun,noun: resentment; anger; sense of injury or insult
unadorned,adjective,adjective: not decorated with something to increase its beauty or distinction
unassailable,adjective,adjective: not open to attack; impregnable; not subject to question
unassuming,adjective,adjective: modest; not pretentious or arrogant
unbridled,adjective,adjective: violent; uncontrolled
uncanny,noun,noun: strange; mysterious
uncompromising,adjective,adjective: not making concessions
unconscionable,adjective,adjective: unscrupulous; not guided by conscience; excessive; beyond reason
unconventional,adjective,adjective: not conforming to accepted rules or standards; not conventional or conformist
uncouth,noun,noun: boorish; clumsy in speech or behavior; outlandish
unctuous,adjective,adjective: oily; bland; insincerely suave
uncultivated,adjective,"adjective: not improved by cultivation; lacking education, refinement, or polish"
undermine,verb,verb: weaken gradually; sap; dig a mine beneath
underscore,noun,noun: underline; emphasize
understated,adjective,adjective: exhibiting restrained good taste; represent as less significant or important
underwrite,verb,verb: guarantee financial support of; protect by insurance
undulate,adjective,adjective: having a wavy margin and rippled surface; stir up
unearth,verb,verb: dig up; discover (facts) by careful searching; OP. conceal
unequivocal,adjective,adjective: plain; clear; obvious
unfeigned,adjective,adjective: genuine; real
unfettered,adjective,adjective: not bound by shackles and chains
unflappable,adjective,adjective: not easily perturbed or excited or upset; marked by extreme calm and composure
unforthcoming,adjective,adjective: not cooperative or not willing to give information
uniform,noun,noun: always the same; showing a single form or character in all occurrences; the same throughout in structure or composition
unimpeachable,adjective,adjective: that cannot be impeached; beyond doubt or question; blameless and exemplary
universal,adjective,adjective: characterizing or affecting all; general; present everywhere; of the universe
unkempt,adjective,adjective: disheveled; uncared for in appearance; not combed
unnerve,verb,verb: disturb the composure of
unprecedented,adjective,adjective: having no previous example; novel; unparalleled
unprepossessing,adjective,adjective: not attractive or impressive at first appearance
unpretentiousness,noun,noun: the quality of being natural and without pretensions
unpropitious,adjective,adjective: not propitious
unremitting,adjective,adjective: uninterrupted in time and indefinitely long continuing
unruly,adjective; adverb,adjective; adverb: disobedient; lawless; difficult to control
unsavory,adjective,adjective: distasteful; disagreeable; morally offensive
unscrupulous,adjective,adjective: without scruples or principles
unseemly,adverb; adjective,adverb; adjective: unbecoming; not proper in behavior; indecent
unsparing,adjective,adjective: very generous; not forbearing; ruthless
unstinting,adjective,adjective: very generous
untempered,adjective,adjective: not brought to a proper consistency or hardness; not moderated or controlled
untenable,adjective,"adjective: (of a position, especially in an argument) indefensible; not able to be maintained"
untoward,noun,noun: unexpected and adverse; unfortunate or unlucky
untrammeled,adjective,adjective: not confined or limited
unviable,adjective,"adjective: not capable of working, succeeding, or surviving"
unwieldy,noun,noun: awkward (to carry or move); cumbersome; unmanageable
upbraid,noun,noun: reprimand; severely scold
upbraided,verb,verb: express criticism towards
urbane,noun,noun: suave; refined in manner; elegant
usurious,adjective,adjective: greatly exceeding bounds of reason or moderation
usurp,verb,verb: seize another's s power or rank (without legal authority); supplant; appropriate
usury,noun,noun: lending money at illegal high rates of interest
utilitarian,adjective,adjective: having a useful function; having utility often to the exclusion of values
utopian,adjective,adjective: of or pertaining to or resembling a utopia; characterized by or aspiring to impracticable perfection
utterly,adverb,adverb: completely and without qualification; used informally as intensifiers
vacillate,noun,noun: waver (in opinion); fluctuate; sway to and fro
vacuous,adjective,adjective: empty; lacking in ideas; inane; stupid
vainglorious,adjective,adjective: boastful; excessively conceited
vanguard,noun,noun: forerunners; foremost position of an army; advance forces; foremost position in a trend or movement
vanquish,noun,"noun: come out better in a competition, race, or conflict"
vanquished,adjective,"adjective: come out better in a competition, race, or conflict"
vapid,adjective,adjective: lacking liveliness; dull and unimaginative; insipid and flavorless
variance,noun,noun: an event that departs from expectations; discord that splits a group
variegated,adjective,adjective: (esp. of a flower or leaf) many-colored
vaunt,verb,verb: extravagant self-praise; show off
vaunted,adjective,adjective: boasted; bragged; highly publicized
vehement,noun,noun: forceful; intensely emotional; with marked vigor; strong
venal,adjective; verb,adjective; verb: capable of being bribed; corrupt
venality,noun,noun: prostitution of talents or offices or services for reward
veneer,verb,"verb: thin surface layer (of good quality wood, glued to a base of inferior material); cover; surface show; fa\c{c}ade"
venerate,verb,verb: revere; treat with great respect
venerated,verb,verb: regard with feelings of respect and reverence; consider hallowed or exalted or be in awe of
veneration,noun,noun: a feeling of profound respect for someone or something; religious zeal; the willingness to serve God
venial,adjective,adjective: (of a fault or sin) forgivable; trivial
veracious,adjective,adjective: (of a person) truthful
veracity,noun,noun: truthfulness; adherence to the truth
verbose,adjective,adjective: wordy; using more words than necessary
verboten,noun,noun: excluded from use or mention
verdant,adjective,adjective: green; covered with green plants or grass; lush in vegetation
verisimilar,adjective,adjective: having the appearance of truth or reality; probable or likely to be true; plausible
verisimilitude,noun,noun: appearance of truth; quality of appearing to be true or real; likelihood
veritable,adjective,adjective: being truly so; real or genuine; actual; not false or imaginary
vernacular,adjective,adjective: living language (as compared to the official language); language spoken in a country or region; natural style
vernal,adjective,adjective: pertaining to spring
versatile,adjective,adjective: having many talents; capable of working in many fields; having many uses or functions
vertiginous,adjective,adjective: having or causing a whirling sensation; liable to falling
vestige,noun,noun: trace; remains
vex,verb,"verb: cause annoyance in; disturb, especially by minor irritations; disturb the peace of mind of; afflict with mental agitation or distress"
vexation,noun,noun: anger produced by some annoying irritation; the psychological state of being irritated or annoyed
via,noun,noun: by way of; through the means or route of
viable,adjective,adjective: capable of maintaining life; feasible; practical or workable
vicarious,adjective,adjective: experienced as if one were taking part in the experience of another; done by a deputy for other people; acting as a substitute
vicissitude,noun,noun: change (esp. from good to bad); change of fortune
vie,noun,noun: contend; compete
vigilant,adjective,adjective: watchful; on the alert; watchfully awake; alert to spot danger
vigor,noun,noun: active strength; energy; enthusiasm
vilify,verb,verb: slander; speak evil of
vim,noun,noun: a healthy capacity for vigorous activity; an imaginative lively style
vindicate,adjective,adjective: clear from blame; free from blame or accusation (with supporting proof); exonerate; substantiate
vindictive,adjective,adjective: disposed to revenge; vengeful; out for revenge; spiteful
vintage,noun,noun: a season's yield of wine from a vineyard; the oldness of wines
virago,noun,noun: a noisy or scolding or domineering woman; a large strong and aggressive woman
virtual,adjective,adjective: in essence; existing in essence though not in actual form; for practical purposes
virtuoso,noun,noun: highly skilled artist (esp. in music)
virulent,adjective,adjective: (of a disease or poison) extremely harmful or poisonous; (of a feeling) hostile; bitter
viscid or viscous,adjective,"adjective: thick, sticky, and slow-flowing"
viscous,adjective,adjective: (of a liquid) thick and sticky; gluey; viscid
visionary,adjective,adjective: produced by imagination; fanciful; mystical; showing foresight
vitality,noun,noun: an energetic style; a healthy capacity for vigorous activity
vitiate,verb,verb: spoil the effect of; make inoperative; corrupt morally
vitriol,noun,noun: abusive or venomous language used to express blame or censure or bitter deep-seated ill will
vitriolic,adjective,adjective: causing sharp pain to the mind; caustic; corrosive; sarcastic
vituperate,verb,"verb: criticize harshly, bitterly, or abusively"
vituperated,verb,verb: spread negative information about
vivacious,adjective,adjective: lively or animated; sprightly
vocation,noun,noun: the particular occupation for which you are trained; a body of people doing the same kind of work
vociferous,adjective,adjective: clamorous; noisy
volatile,adjective,adjective: changeable; of a quickly changing nature (as of temper); mercurial; tending to violence
volition,noun,noun: act of using one's will; act of making a conscious choice
volubility,noun,noun: the quality of being facile in speech and writing
voluble,noun,noun: fluent; talkative; glib
voluminous,adjective,adjective: having great volume (as of a garment or container); bulky; large
voracious,adjective,adjective: ravenous; eating large quantities of food; exceedingly eager; insatiable
voyeur,noun,noun: Peeping Tom; person who derives sexual gratification from observing the sexual acts of others
waffle,verb,verb: speak equivocally about an issue
waft,verb,verb: move gently (in air or in seas) by wind or waves
wag,noun,noun: shake repeatedly from side to side
wan,adjective,adjective: having a pale or sickly color; pallid
wane,verb,verb: decrease in size or strength (after being full); grow gradually to an end
wanting,adjective,adjective: nonexistent; inadequate in amount or degree
wanton,noun,noun: unrestrained; gratuitously cruel; willfully malicious; unchaste
warranted,adjective,adjective: justified; authorized
wary,adjective,adjective: very cautious; watchful
waspish,noun,noun: very irritable
watershed,noun,noun: a ridge of land that separates two adjacent river systems; the entire geographical area drained by a river and its tributaries; an area characterized by all runoff being conveyed to the same outlet
waver,verb,verb: move or swing back and forth; be uncertain or unsteady in decision or movement
wax,verb,verb: increase gradually (as the moon); grow
wayward,noun,noun: resistant to guidance or discipline
weary,adjective,adjective: tired after long work
weather,verb,verb: pass safely through (a storm or difficult period); endure the effects of weather or other forces
welter,noun,noun: confusion; turmoil; confused mass; bewildering jumble
wend,noun,noun: direct one's course or way
wheedle,verb,"verb: deceive, persuade, or obtain by flattery; cajole; coax"
whereas,noun,noun: while on the contrary; considering that in legal or formal contexts
whet,noun,noun: sharpen; stimulate
whimsical,adjective,adjective: capricious; fanciful; amusingly strange
whitewash,noun,noun: a defeat in which the losing person or team fails to score; wash consisting of lime and size in water; used for whitening walls and other surfaces
willful,adjective,adjective: wilful; intentional; headstrong
wily,adverb,adverb: crafty; cunning; artful
winnow,verb,verb: sift; separate the chaff from grain by blowing; separate good parts from bad
winsome,noun,noun: charming (in a childlike way); agreeable; gracious; engaging
wistful,adjective,adjective: sadly thoughtful (because of desires or memories); sadly pensive; vaguely longing
wizened,adjective,adjective: shriveled; withered
woeful,adjective,adjective: sad; (of something bad) deplorable; deplorably bad
wont,noun,noun: (the stated person's) habit or custom; habitual procedure
woo,verb,verb: seek someone's s favor; make amorous advances towards
workmanlike,noun,noun: worthy of a good workman
worldly,adverb; adjective,adverb; adjective: engrossed in matters of this earth; not spiritual; of the material world
wraith,noun,noun: a mental representation of some haunting experience
wrongheaded,adjective,adjective: stubbornly wrong
wry,noun,noun: (esp. of an expression of the face) twisted; with a humorous twist (expressing displeasure)
xenophobia,noun,noun: fear or hatred of foreigners
yoke,verb,verb: join together; unite
zeal,adjective,adjective: eager enthusiasm (to a cause or ideal)
zealous,adjective,adjective: marked by active interest and enthusiasm
zeitgeist,noun,noun: the spirit of the time; the spirit characteristic of an age or generation
zenith,noun,noun: point directly overhead in the sky; summit; acme; highest point
zephyr,noun,noun: gentle breeze; west wind
